Timestamp,Open,High,Low,Close,Volume
2026-04-05T00:05:00.000Z,67298.86000000,67298.87000000,67270.59000000,67277.07000000,6.05526000
2026-04-05T00:10:00.000Z,67277.06000000,67277.07000000,67241.23000000,67257.37000000,8.45793000
2026-04-05T00:15:00.000Z,67257.38000000,67257.38000000,67242.96000000,67256.32000000,13.19918000
2026-04-05T00:20:00.000Z,67256.31000000,67256.32000000,67239.47000000,67245.99000000,7.78153000
2026-04-05T00:25:00.000Z,67246.00000000,67273.59000000,67232.00000000,67264.42000000,71.45355000
2026-04-05T00:30:00.000Z,67264.42000000,67264.43000000,67231.51000000,67241.17000000,69.90172000
2026-04-05T00:35:00.000Z,67241.17000000,67259.95000000,67241.16000000,67259.94000000,6.67440000
2026-04-05T00:40:00.000Z,67259.95000000,67270.69000000,67247.83000000,67247.83000000,38.56355000
2026-04-05T00:45:00.000Z,67247.83000000,67272.81000000,67244.05000000,67244.05000000,41.74376000
2026-04-05T00:50:00.000Z,67244.06000000,67244.06000000,67205.00000000,67215.58000000,24.32480000
2026-04-05T00:55:00.000Z,67215.58000000,67225.01000000,67168.08000000,67225.00000000,135.08461000
2026-04-05T01:00:00.000Z,67225.00000000,67230.00000000,67159.62000000,67165.66000000,19.72074000
2026-04-05T01:05:00.000Z,67165.65000000,67169.22000000,67120.00000000,67149.36000000,27.02088000
2026-04-05T01:10:00.000Z,67149.37000000,67205.45000000,67149.34000000,67189.67000000,14.28520000
2026-04-05T01:15:00.000Z,67189.68000000,67189.68000000,67163.25000000,67163.25000000,5.56040000
2026-04-05T01:20:00.000Z,67163.26000000,67174.95000000,67137.10000000,67146.88000000,8.43949000
2026-04-05T01:25:00.000Z,67146.89000000,67154.64000000,67128.00000000,67130.21000000,55.80848000
2026-04-05T01:30:00.000Z,67130.22000000,67130.22000000,67080.08000000,67119.15000000,58.60047000
2026-04-05T01:35:00.000Z,67119.15000000,67119.16000000,67085.28000000,67088.34000000,27.96624000
2026-04-05T01:40:00.000Z,67088.33000000,67108.41000000,67080.00000000,67086.71000000,69.25099000
2026-04-05T01:45:00.000Z,67086.71000000,67107.18000000,67086.71000000,67107.18000000,11.21089000
2026-04-05T01:50:00.000Z,67107.18000000,67119.81000000,67105.80000000,67105.80000000,9.06575000
2026-04-05T01:55:00.000Z,67105.81000000,67110.30000000,67082.40000000,67085.00000000,62.63582000
2026-04-05T02:00:00.000Z,67085.00000000,67090.71000000,66955.72000000,67042.54000000,131.01513000
2026-04-05T02:05:00.000Z,67042.55000000,67046.52000000,67012.00000000,67015.29000000,6.10585000
2026-04-05T02:10:00.000Z,67015.30000000,67015.30000000,66989.02000000,66998.37000000,14.50456000
2026-04-05T02:15:00.000Z,66998.37000000,67078.93000000,66992.29000000,67078.92000000,17.03123000
2026-04-05T02:20:00.000Z,67078.92000000,67111.68000000,67067.08000000,67107.65000000,15.49106000
2026-04-05T02:25:00.000Z,67107.65000000,67158.60000000,67106.01000000,67129.50000000,21.75246000
2026-04-05T02:30:00.000Z,67129.50000000,67171.16000000,67118.03000000,67149.37000000,8.59938000
2026-04-05T02:35:00.000Z,67149.38000000,67155.22000000,67133.38000000,67148.01000000,10.21648000
2026-04-05T02:40:00.000Z,67148.01000000,67148.01000000,67135.95000000,67135.96000000,4.24825000
2026-04-05T02:45:00.000Z,67135.96000000,67141.76000000,67129.23000000,67135.82000000,4.20990000
2026-04-05T02:50:00.000Z,67135.82000000,67162.94000000,67135.81000000,67162.93000000,6.87386000
2026-04-05T02:55:00.000Z,67162.93000000,67174.92000000,67162.93000000,67170.16000000,12.37611000
2026-04-05T03:00:00.000Z,67170.17000000,67187.93000000,67170.16000000,67175.94000000,9.47686000
2026-04-05T03:05:00.000Z,67175.94000000,67175.94000000,67154.64000000,67163.40000000,8.89849000
2026-04-05T03:10:00.000Z,67163.40000000,67188.09000000,67156.78000000,67188.08000000,35.69411000
2026-04-05T03:15:00.000Z,67188.08000000,67188.09000000,67155.61000000,67155.61000000,34.07331000
2026-04-05T03:20:00.000Z,67155.61000000,67160.64000000,67131.44000000,67160.63000000,6.83742000
2026-04-05T03:25:00.000Z,67160.63000000,67160.63000000,67154.64000000,67154.64000000,7.04151000
2026-04-05T03:30:00.000Z,67154.65000000,67154.65000000,67105.53000000,67105.53000000,5.09245000
2026-04-05T03:35:00.000Z,67105.53000000,67120.20000000,67089.33000000,67116.09000000,17.90021000
2026-04-05T03:40:00.000Z,67116.09000000,67139.13000000,67116.08000000,67139.12000000,7.34409000
2026-04-05T03:45:00.000Z,67139.13000000,67140.68000000,67134.99000000,67134.99000000,11.29523000
2026-04-05T03:50:00.000Z,67134.99000000,67135.00000000,67122.42000000,67132.89000000,10.70742000
2026-04-05T03:55:00.000Z,67132.89000000,67145.98000000,67124.55000000,67145.98000000,9.33374000
2026-04-05T04:00:00.000Z,67145.98000000,67145.99000000,67112.86000000,67133.77000000,8.67669000
2026-04-05T04:05:00.000Z,67133.78000000,67133.78000000,67108.02000000,67108.03000000,3.06158000
2026-04-05T04:10:00.000Z,67108.03000000,67108.03000000,67073.56000000,67087.21000000,6.38215000
2026-04-05T04:15:00.000Z,67087.22000000,67117.24000000,67083.47000000,67117.23000000,6.69930000
2026-04-05T04:20:00.000Z,67117.24000000,67134.63000000,67117.23000000,67126.93000000,8.25169000
2026-04-05T04:25:00.000Z,67126.93000000,67188.51000000,67126.93000000,67188.51000000,5.89016000
2026-04-05T04:30:00.000Z,67188.51000000,67188.51000000,67164.81000000,67164.81000000,6.16139000
2026-04-05T04:35:00.000Z,67164.82000000,67164.82000000,67150.01000000,67154.64000000,4.65838000
2026-04-05T04:40:00.000Z,67154.65000000,67154.65000000,67130.28000000,67130.29000000,3.92726000
2026-04-05T04:45:00.000Z,67130.29000000,67130.29000000,67086.68000000,67086.68000000,4.02608000
2026-04-05T04:50:00.000Z,67086.68000000,67119.85000000,67086.68000000,67101.61000000,8.23357000
2026-04-05T04:55:00.000Z,67101.60000000,67140.62000000,67093.22000000,67101.65000000,26.92678000
2026-04-05T05:00:00.000Z,67101.65000000,67125.20000000,67095.01000000,67125.19000000,3.55338000
2026-04-05T05:05:00.000Z,67125.20000000,67135.02000000,67114.88000000,67128.72000000,2.89401000
2026-04-05T05:10:00.000Z,67128.72000000,67154.98000000,67112.59000000,67112.59000000,10.36705000
2026-04-05T05:15:00.000Z,67112.60000000,67134.01000000,67108.00000000,67126.00000000,78.75406000
2026-04-05T05:20:00.000Z,67126.00000000,67126.01000000,67054.68000000,67092.01000000,47.29326000
2026-04-05T05:25:00.000Z,67092.00000000,67100.63000000,67091.65000000,67095.00000000,26.96680000
2026-04-05T05:30:00.000Z,67095.01000000,67109.14000000,67095.00000000,67106.81000000,11.61513000
2026-04-05T05:35:00.000Z,67106.81000000,67106.82000000,67054.95000000,67076.30000000,150.54304000
2026-04-05T05:40:00.000Z,67076.31000000,67085.48000000,67076.30000000,67085.48000000,2.59969000
2026-04-05T05:45:00.000Z,67085.48000000,67098.90000000,67076.88000000,67076.88000000,8.06350000
2026-04-05T05:50:00.000Z,67076.89000000,67076.89000000,66948.15000000,66985.96000000,26.30046000
2026-04-05T05:55:00.000Z,66985.96000000,66985.96000000,66888.00000000,66931.65000000,97.44146000
2026-04-05T06:00:00.000Z,66931.65000000,66940.00000000,66895.92000000,66937.04000000,26.49262000
2026-04-05T06:05:00.000Z,66937.05000000,66937.05000000,66690.47000000,66704.81000000,101.81291000
2026-04-05T06:10:00.000Z,66704.81000000,66734.52000000,66626.66000000,66660.33000000,113.82852000
2026-04-05T06:15:00.000Z,66660.33000000,66686.66000000,66611.66000000,66679.06000000,65.09261000
2026-04-05T06:20:00.000Z,66679.07000000,66766.85000000,66679.06000000,66745.99000000,55.98645000
2026-04-05T06:25:00.000Z,66745.99000000,66777.79000000,66745.98000000,66763.88000000,14.34891000
2026-04-05T06:30:00.000Z,66763.87000000,66842.67000000,66763.87000000,66810.39000000,43.28624000
2026-04-05T06:35:00.000Z,66810.39000000,66850.00000000,66788.30000000,66805.00000000,91.16625000
2026-04-05T06:40:00.000Z,66805.00000000,66835.72000000,66805.00000000,66826.59000000,73.45962000
2026-04-05T06:45:00.000Z,66826.58000000,66843.60000000,66806.00000000,66831.90000000,24.68414000
2026-04-05T06:50:00.000Z,66831.90000000,66858.01000000,66829.89000000,66829.90000000,14.35808000
2026-04-05T06:55:00.000Z,66829.90000000,66864.42000000,66800.00000000,66802.24000000,103.82500000
2026-04-05T07:00:00.000Z,66802.24000000,66891.41000000,66802.24000000,66865.31000000,115.40821000
2026-04-05T07:05:00.000Z,66865.32000000,66898.97000000,66865.31000000,66877.52000000,11.84690000
2026-04-05T07:10:00.000Z,66877.52000000,66914.48000000,66860.15000000,66905.10000000,28.78907000
2026-04-05T07:15:00.000Z,66905.09000000,66912.59000000,66805.64000000,66843.85000000,54.22966000
2026-04-05T07:20:00.000Z,66843.85000000,66843.85000000,66823.46000000,66823.47000000,11.66962000
2026-04-05T07:25:00.000Z,66823.46000000,66823.47000000,66800.01000000,66816.96000000,9.92686000
2026-04-05T07:30:00.000Z,66816.96000000,66816.96000000,66736.80000000,66764.53000000,41.37289000
2026-04-05T07:35:00.000Z,66764.53000000,66767.57000000,66715.43000000,66737.43000000,20.79981000
2026-04-05T07:40:00.000Z,66737.44000000,66780.43000000,66737.43000000,66767.02000000,12.72328000
2026-04-05T07:45:00.000Z,66767.02000000,66805.51000000,66750.00000000,66750.01000000,147.12734000
2026-04-05T07:50:00.000Z,66750.00000000,66800.03000000,66740.39000000,66800.02000000,146.90279000
2026-04-05T07:55:00.000Z,66800.03000000,66829.03000000,66800.02000000,66820.64000000,15.00249000
2026-04-05T08:00:00.000Z,66820.64000000,66876.63000000,66819.42000000,66854.83000000,24.46145000
2026-04-05T08:05:00.000Z,66854.83000000,66882.32000000,66845.36000000,66876.46000000,8.27266000
2026-04-05T08:10:00.000Z,66876.46000000,66884.00000000,66855.94000000,66862.19000000,14.37543000
2026-04-05T08:15:00.000Z,66862.19000000,66902.58000000,66862.18000000,66898.80000000,19.80412000
2026-04-05T08:20:00.000Z,66898.80000000,66907.68000000,66889.00000000,66889.00000000,8.21963000
2026-04-05T08:25:00.000Z,66889.00000000,66895.87000000,66871.74000000,66875.07000000,17.83808000
2026-04-05T08:30:00.000Z,66875.08000000,66882.40000000,66868.00000000,66874.30000000,8.61723000
2026-04-05T08:35:00.000Z,66874.29000000,66891.61000000,66871.28000000,66891.61000000,20.08663000
2026-04-05T08:40:00.000Z,66891.61000000,66891.61000000,66840.66000000,66860.24000000,47.74886000
2026-04-05T08:45:00.000Z,66860.23000000,66896.08000000,66860.23000000,66896.08000000,9.99220000
2026-04-05T08:50:00.000Z,66896.08000000,66915.59000000,66896.07000000,66899.36000000,32.02821000
2026-04-05T08:55:00.000Z,66899.37000000,66940.00000000,66899.36000000,66933.18000000,15.62944000
2026-04-05T09:00:00.000Z,66933.18000000,66975.64000000,66933.18000000,66971.11000000,48.28434000
2026-04-05T09:05:00.000Z,66971.10000000,66993.67000000,66902.15000000,66926.49000000,32.03082000
2026-04-05T09:10:00.000Z,66926.49000000,66938.62000000,66922.13000000,66929.99000000,19.24144000
2026-04-05T09:15:00.000Z,66930.00000000,66956.52000000,66929.99000000,66956.52000000,20.06778000
2026-04-05T09:20:00.000Z,66956.52000000,67013.28000000,66947.55000000,67013.28000000,27.65059000
2026-04-05T09:25:00.000Z,67013.27000000,67037.22000000,67002.54000000,67015.59000000,28.84959000
2026-04-05T09:30:00.000Z,67015.59000000,67017.33000000,66985.15000000,66996.93000000,5.71698000
2026-04-05T09:35:00.000Z,66996.93000000,67001.20000000,66969.85000000,66983.34000000,14.77264000
2026-04-05T09:40:00.000Z,66983.35000000,67026.81000000,66983.34000000,67026.81000000,22.40985000
2026-04-05T09:45:00.000Z,67026.81000000,67048.64000000,67009.68000000,67045.98000000,25.75498000
2026-04-05T09:50:00.000Z,67045.98000000,67045.99000000,67034.05000000,67034.06000000,15.33561000
2026-04-05T09:55:00.000Z,67034.06000000,67039.13000000,67025.93000000,67035.15000000,33.81707000
2026-04-05T10:00:00.000Z,67035.15000000,67035.15000000,67001.23000000,67032.87000000,41.26487000
2026-04-05T10:05:00.000Z,67032.87000000,67035.41000000,67000.83000000,67000.83000000,32.52125000
2026-04-05T10:10:00.000Z,67000.84000000,67013.64000000,66975.67000000,66975.67000000,22.35148000
2026-04-05T10:15:00.000Z,66975.67000000,66986.00000000,66968.35000000,66968.98000000,28.96717000
2026-04-05T10:20:00.000Z,66968.99000000,66983.28000000,66968.98000000,66978.00000000,10.58034000
2026-04-05T10:25:00.000Z,66978.00000000,66992.92000000,66977.99000000,66992.92000000,8.79609000
2026-04-05T10:30:00.000Z,66992.91000000,67008.00000000,66992.90000000,67007.99000000,22.63579000
2026-04-05T10:35:00.000Z,67008.00000000,67150.00000000,67007.99000000,67117.73000000,33.21049000
2026-04-05T10:40:00.000Z,67117.73000000,67124.27000000,67066.10000000,67085.99000000,20.59385000
2026-04-05T10:45:00.000Z,67086.00000000,67086.00000000,67035.40000000,67043.00000000,17.32658000
2026-04-05T10:50:00.000Z,67043.00000000,67054.49000000,67009.62000000,67046.82000000,34.87327000
2026-04-05T10:55:00.000Z,67046.83000000,67059.86000000,67042.29000000,67046.01000000,15.23065000
2026-04-05T11:00:00.000Z,67046.01000000,67079.43000000,67034.28000000,67055.38000000,22.76251000
2026-04-05T11:05:00.000Z,67055.39000000,67072.27000000,67046.12000000,67046.12000000,16.83835000
2026-04-05T11:10:00.000Z,67046.13000000,67087.22000000,67045.86000000,67045.87000000,34.22745000
2026-04-05T11:15:00.000Z,67045.87000000,67081.62000000,67045.86000000,67064.60000000,15.94933000
2026-04-05T11:20:00.000Z,67064.59000000,67072.79000000,67050.35000000,67050.35000000,10.71158000
2026-04-05T11:25:00.000Z,67050.36000000,67050.36000000,66991.82000000,67010.16000000,22.02426000
2026-04-05T11:30:00.000Z,67010.16000000,67016.74000000,66993.22000000,67016.58000000,49.33366000
2026-04-05T11:35:00.000Z,67016.58000000,67016.58000000,66973.67000000,66992.36000000,18.80924000
2026-04-05T11:40:00.000Z,66992.35000000,66992.36000000,66986.59000000,66992.00000000,10.94104000
2026-04-05T11:45:00.000Z,66992.00000000,66992.00000000,66975.69000000,66984.60000000,17.46456000
2026-04-05T11:50:00.000Z,66984.59000000,66998.40000000,66984.59000000,66997.99000000,19.85039000
2026-04-05T11:55:00.000Z,66998.00000000,66999.00000000,66984.77000000,66999.00000000,14.15891000
2026-04-05T12:00:00.000Z,66998.99000000,66999.00000000,66918.03000000,66922.57000000,24.31120000
2026-04-05T12:05:00.000Z,66922.58000000,66960.00000000,66922.57000000,66944.63000000,21.84350000
2026-04-05T12:10:00.000Z,66944.64000000,66945.12000000,66900.91000000,66905.95000000,26.75091000
2026-04-05T12:15:00.000Z,66905.95000000,66937.91000000,66905.94000000,66927.91000000,32.95955000
2026-04-05T12:20:00.000Z,66927.91000000,66932.41000000,66914.52000000,66914.52000000,26.86762000
2026-04-05T12:25:00.000Z,66914.52000000,66915.00000000,66885.91000000,66885.92000000,15.75033000
2026-04-05T12:30:00.000Z,66885.92000000,66890.00000000,66728.18000000,66764.52000000,137.23019000
2026-04-05T12:35:00.000Z,66764.53000000,66800.00000000,66692.17000000,66738.54000000,67.45743000
2026-04-05T12:40:00.000Z,66738.53000000,66775.78000000,66695.65000000,66745.00000000,80.83931000
2026-04-05T12:45:00.000Z,66745.00000000,66745.01000000,66680.57000000,66699.35000000,66.27176000
2026-04-05T12:50:00.000Z,66699.34000000,66794.54000000,66699.34000000,66779.29000000,46.45492000
2026-04-05T12:55:00.000Z,66779.28000000,66803.82000000,66776.03000000,66783.58000000,61.24424000
2026-04-05T13:00:00.000Z,66783.59000000,66854.83000000,66765.62000000,66852.28000000,57.58409000
2026-04-05T13:05:00.000Z,66852.29000000,66852.29000000,66811.18000000,66814.85000000,23.88570000
2026-04-05T13:10:00.000Z,66814.85000000,66839.51000000,66760.42000000,66760.42000000,17.49807000
2026-04-05T13:15:00.000Z,66760.43000000,66795.35000000,66742.01000000,66795.35000000,30.10745000
2026-04-05T13:20:00.000Z,66795.34000000,66854.83000000,66794.21000000,66832.21000000,22.37804000
2026-04-05T13:25:00.000Z,66832.20000000,66832.20000000,66703.66000000,66703.66000000,26.96403000
2026-04-05T13:30:00.000Z,66703.67000000,66841.14000000,66693.91000000,66812.55000000,52.57472000
2026-04-05T13:35:00.000Z,66812.54000000,66842.15000000,66787.08000000,66842.14000000,36.37067000
2026-04-05T13:40:00.000Z,66842.15000000,66853.50000000,66816.00000000,66830.99000000,19.34429000
2026-04-05T13:45:00.000Z,66831.00000000,66872.01000000,66830.99000000,66856.88000000,30.12198000
2026-04-05T13:50:00.000Z,66856.88000000,66918.03000000,66856.87000000,66871.09000000,22.91187000
2026-04-05T13:55:00.000Z,66871.10000000,66907.85000000,66863.16000000,66890.70000000,21.57644000
2026-04-05T14:00:00.000Z,66890.70000000,66963.80000000,66850.04000000,66954.71000000,40.41466000
2026-04-05T14:05:00.000Z,66954.72000000,66958.34000000,66911.48000000,66924.90000000,24.90245000
2026-04-05T14:10:00.000Z,66924.91000000,66932.00000000,66866.93000000,66872.11000000,20.61817000
2026-04-05T14:15:00.000Z,66872.10000000,66874.00000000,66820.54000000,66863.28000000,35.64560000
2026-04-05T14:20:00.000Z,66863.29000000,66881.91000000,66847.17000000,66880.77000000,17.08659000
2026-04-05T14:25:00.000Z,66880.78000000,66915.26000000,66880.77000000,66908.00000000,15.63320000
2026-04-05T14:30:00.000Z,66908.01000000,66917.19000000,66893.02000000,66894.52000000,17.58721000
2026-04-05T14:35:00.000Z,66894.53000000,66943.61000000,66886.94000000,66943.60000000,26.29862000
2026-04-05T14:40:00.000Z,66943.60000000,66963.95000000,66923.26000000,66946.70000000,26.51039000
2026-04-05T14:45:00.000Z,66946.95000000,66946.96000000,66914.51000000,66936.28000000,21.68076000
2026-04-05T14:50:00.000Z,66936.28000000,66945.12000000,66927.15000000,66927.15000000,30.48870000
2026-04-05T14:55:00.000Z,66927.16000000,66927.92000000,66909.68000000,66918.03000000,19.17325000
2026-04-05T15:00:00.000Z,66918.03000000,66934.78000000,66886.84000000,66886.84000000,27.79724000
2026-04-05T15:05:00.000Z,66886.82000000,66927.92000000,66829.02000000,66927.92000000,29.72014000
2026-04-05T15:10:00.000Z,66927.92000000,66970.00000000,66927.91000000,66929.04000000,40.16884000
2026-04-05T15:15:00.000Z,66929.04000000,67008.65000000,66929.04000000,66973.75000000,27.86296000
2026-04-05T15:20:00.000Z,66973.76000000,66992.61000000,66962.28000000,66984.75000000,15.84606000
2026-04-05T15:25:00.000Z,66984.74000000,67530.00000000,66980.22000000,67499.99000000,424.60750000
2026-04-05T15:30:00.000Z,67500.00000000,67856.16000000,67396.00000000,67480.57000000,576.30563000
2026-04-05T15:35:00.000Z,67480.56000000,67545.06000000,67396.33000000,67401.01000000,89.63586000
2026-04-05T15:40:00.000Z,67401.01000000,67450.00000000,67316.47000000,67437.20000000,105.88287000
2026-04-05T15:45:00.000Z,67437.21000000,67456.37000000,67323.48000000,67373.59000000,46.66455000
2026-04-05T15:50:00.000Z,67373.60000000,67443.96000000,67357.64000000,67357.64000000,44.88519000
2026-04-05T15:55:00.000Z,67357.64000000,67363.02000000,67272.72000000,67306.64000000,41.70076000
2026-04-05T16:00:00.000Z,67306.65000000,67377.94000000,67306.64000000,67358.61000000,33.50321000
2026-04-05T16:05:00.000Z,67358.60000000,67396.58000000,67270.88000000,67333.37000000,50.91575000
2026-04-05T16:10:00.000Z,67333.37000000,67372.00000000,67291.42000000,67295.15000000,47.48979000
2026-04-05T16:15:00.000Z,67295.15000000,67362.28000000,67295.14000000,67348.46000000,22.96263000
2026-04-05T16:20:00.000Z,67348.47000000,67379.01000000,67348.46000000,67370.46000000,12.47292000
2026-04-05T16:25:00.000Z,67370.47000000,67383.20000000,67325.57000000,67325.57000000,16.60996000
2026-04-05T16:30:00.000Z,67325.58000000,67410.00000000,67316.00000000,67366.17000000,20.72242000
2026-04-05T16:35:00.000Z,67366.17000000,67366.18000000,67313.90000000,67313.90000000,14.90787000
2026-04-05T16:40:00.000Z,67313.91000000,67331.30000000,67267.18000000,67323.49000000,27.12733000
2026-04-05T16:45:00.000Z,67323.48000000,67323.49000000,67203.39000000,67216.00000000,58.39365000
2026-04-05T16:50:00.000Z,67215.99000000,67241.71000000,67173.40000000,67194.25000000,27.88323000
2026-04-05T16:55:00.000Z,67194.24000000,67216.00000000,67182.00000000,67212.62000000,23.81747000
2026-04-05T17:00:00.000Z,67212.61000000,67252.99000000,67187.95000000,67220.00000000,22.13817000
2026-04-05T17:05:00.000Z,67220.01000000,67291.07000000,67210.00000000,67284.90000000,16.26718000
2026-04-05T17:10:00.000Z,67284.90000000,67306.29000000,67260.67000000,67284.83000000,26.75083000
2026-04-05T17:15:00.000Z,67284.83000000,67293.78000000,67222.00000000,67222.01000000,6.55801000
2026-04-05T17:20:00.000Z,67222.00000000,67242.89000000,67188.28000000,67242.89000000,13.99282000
2026-04-05T17:25:00.000Z,67242.89000000,67343.85000000,67242.89000000,67339.55000000,12.76663000
2026-04-05T17:30:00.000Z,67339.56000000,67343.85000000,67306.01000000,67310.33000000,10.74524000
2026-04-05T17:35:00.000Z,67310.33000000,67385.95000000,67310.32000000,67385.94000000,13.85450000
2026-04-05T17:40:00.000Z,67385.95000000,67402.00000000,67353.22000000,67360.97000000,14.66126000
2026-04-05T17:45:00.000Z,67360.97000000,67396.58000000,67308.31000000,67340.00000000,14.22568000
2026-04-05T17:50:00.000Z,67340.00000000,67363.26000000,67312.94000000,67358.86000000,7.63350000
2026-04-05T17:55:00.000Z,67358.85000000,67373.65000000,67343.86000000,67373.64000000,8.51757000
2026-04-05T18:00:00.000Z,67373.64000000,67375.12000000,67284.80000000,67319.55000000,22.56115000
2026-04-05T18:05:00.000Z,67319.56000000,67337.07000000,67290.99000000,67291.00000000,6.74570000
2026-04-05T18:10:00.000Z,67291.00000000,67333.36000000,67284.09000000,67304.84000000,36.58942000
2026-04-05T18:15:00.000Z,67304.85000000,67337.36000000,67281.38000000,67281.39000000,21.26089000
2026-04-05T18:20:00.000Z,67281.39000000,67306.29000000,67281.38000000,67306.28000000,7.45447000
2026-04-05T18:25:00.000Z,67306.29000000,67309.41000000,67285.49000000,67299.53000000,5.99808000
2026-04-05T18:30:00.000Z,67299.53000000,67450.00000000,67299.53000000,67417.49000000,22.71404000
2026-04-05T18:35:00.000Z,67417.49000000,67450.17000000,67394.41000000,67439.29000000,29.15256000
2026-04-05T18:40:00.000Z,67439.29000000,67448.91000000,67406.22000000,67425.48000000,30.63961000
2026-04-05T18:45:00.000Z,67425.47000000,67451.78000000,67405.97000000,67419.88000000,16.15356000
2026-04-05T18:50:00.000Z,67419.89000000,67419.89000000,67392.02000000,67405.65000000,5.48870000
2026-04-05T18:55:00.000Z,67405.65000000,67413.78000000,67392.02000000,67413.78000000,6.23813000
2026-04-05T19:00:00.000Z,67413.78000000,67415.11000000,67382.46000000,67382.46000000,8.66926000
2026-04-05T19:05:00.000Z,67382.46000000,67410.00000000,67382.46000000,67395.98000000,21.96582000
2026-04-05T19:10:00.000Z,67395.98000000,67423.80000000,67364.61000000,67418.29000000,15.25250000
2026-04-05T19:15:00.000Z,67418.29000000,67520.00000000,67397.59000000,67519.99000000,37.25076000
2026-04-05T19:20:00.000Z,67520.00000000,67560.45000000,67486.24000000,67520.97000000,38.70826000
2026-04-05T19:25:00.000Z,67520.97000000,67543.32000000,67465.21000000,67465.22000000,20.05548000
2026-04-05T19:30:00.000Z,67465.22000000,67472.01000000,67442.21000000,67450.97000000,10.35503000
2026-04-05T19:35:00.000Z,67450.97000000,67450.97000000,67320.25000000,67326.36000000,17.56890000
2026-04-05T19:40:00.000Z,67326.36000000,67342.79000000,67289.80000000,67308.79000000,19.93084000
2026-04-05T19:45:00.000Z,67308.79000000,67327.98000000,67276.67000000,67276.68000000,17.51617000
2026-04-05T19:50:00.000Z,67276.68000000,67326.47000000,67276.68000000,67312.30000000,14.31386000
2026-04-05T19:55:00.000Z,67312.30000000,67361.01000000,67312.29000000,67361.01000000,8.05690000
2026-04-05T20:00:00.000Z,67361.01000000,67416.48000000,67351.42000000,67351.43000000,37.34598000
2026-04-05T20:05:00.000Z,67351.43000000,67374.69000000,67332.66000000,67359.61000000,5.60894000
2026-04-05T20:10:00.000Z,67359.61000000,67381.54000000,67344.39000000,67378.00000000,19.68606000
2026-04-05T20:15:00.000Z,67378.01000000,67378.01000000,67374.60000000,67374.60000000,5.58716000
2026-04-05T20:20:00.000Z,67374.61000000,67476.63000000,67374.60000000,67466.92000000,15.81072000
2026-04-05T20:25:00.000Z,67466.92000000,67493.17000000,67448.28000000,67479.04000000,16.45224000
2026-04-05T20:30:00.000Z,67479.04000000,67492.00000000,67467.73000000,67477.57000000,16.58605000
2026-04-05T20:35:00.000Z,67477.58000000,67690.46000000,67467.73000000,67688.60000000,127.99161000
2026-04-05T20:40:00.000Z,67688.60000000,67705.74000000,67554.69000000,67554.70000000,29.52477000
2026-04-05T20:45:00.000Z,67554.71000000,67656.00000000,67544.70000000,67655.98000000,37.91285000
2026-04-05T20:50:00.000Z,67655.99000000,67667.92000000,67599.49000000,67630.25000000,14.50221000
2026-04-05T20:55:00.000Z,67630.26000000,67658.36000000,67628.01000000,67658.35000000,11.29507000
2026-04-05T21:00:00.000Z,67658.35000000,67658.35000000,67560.42000000,67613.75000000,38.68852000
2026-04-05T21:05:00.000Z,67613.74000000,67624.98000000,67593.99000000,67618.33000000,29.98523000
2026-04-05T21:10:00.000Z,67618.33000000,67633.79000000,67408.07000000,67521.87000000,130.20024000
2026-04-05T21:15:00.000Z,67521.88000000,67543.76000000,67492.79000000,67496.82000000,42.57318000
2026-04-05T21:20:00.000Z,67496.82000000,67513.32000000,67474.00000000,67482.46000000,10.63106000
2026-04-05T21:25:00.000Z,67482.46000000,67482.46000000,67412.89000000,67476.37000000,13.55132000
2026-04-05T21:30:00.000Z,67476.37000000,67494.20000000,67469.47000000,67471.91000000,8.38768000
2026-04-05T21:35:00.000Z,67471.91000000,67478.57000000,67467.73000000,67467.73000000,6.50001000
2026-04-05T21:40:00.000Z,67467.74000000,67525.95000000,67427.92000000,67492.00000000,38.34986000
2026-04-05T21:45:00.000Z,67492.45000000,67565.40000000,67473.66000000,67565.40000000,39.78402000
2026-04-05T21:50:00.000Z,67565.39000000,67682.42000000,67548.85000000,67624.19000000,47.40461000
2026-04-05T21:55:00.000Z,67624.18000000,67653.79000000,67529.55000000,67553.43000000,29.86091000
2026-04-05T22:00:00.000Z,67553.44000000,67796.11000000,67490.00000000,67746.01000000,113.89602000
2026-04-05T22:05:00.000Z,67746.00000000,67780.60000000,67648.54000000,67726.05000000,74.13617000
2026-04-05T22:10:00.000Z,67726.05000000,67726.05000000,67475.28000000,67534.80000000,82.35477000
2026-04-05T22:15:00.000Z,67534.80000000,67606.46000000,67503.84000000,67503.85000000,30.03162000
2026-04-05T22:20:00.000Z,67503.85000000,67522.41000000,67363.56000000,67414.42000000,58.44444000
2026-04-05T22:25:00.000Z,67414.43000000,67436.61000000,67347.05000000,67436.61000000,30.99919000
2026-04-05T22:30:00.000Z,67436.60000000,67586.27000000,67418.00000000,67508.23000000,34.97514000
2026-04-05T22:35:00.000Z,67508.22000000,67652.94000000,67488.12000000,67652.94000000,37.89373000
2026-04-05T22:40:00.000Z,67652.95000000,67988.00000000,67633.66000000,67964.31000000,221.12327000
2026-04-05T22:45:00.000Z,67964.31000000,68227.91000000,67960.21000000,68144.69000000,279.54243000
2026-04-05T22:50:00.000Z,68144.69000000,68226.66000000,68078.53000000,68078.54000000,77.00265000
2026-04-05T22:55:00.000Z,68078.54000000,68374.75000000,68078.53000000,68338.43000000,161.52379000
2026-04-05T23:00:00.000Z,68338.43000000,68464.20000000,68266.13000000,68325.63000000,169.43940000
2026-04-05T23:05:00.000Z,68325.63000000,68598.69000000,68319.78000000,68430.78000000,205.12169000
2026-04-05T23:10:00.000Z,68430.79000000,68600.00000000,68430.79000000,68599.99000000,85.34931000
2026-04-05T23:15:00.000Z,68599.99000000,68924.90000000,68599.99000000,68888.53000000,321.57054000
2026-04-05T23:20:00.000Z,68888.53000000,68979.06000000,68695.45000000,68751.14000000,183.55509000
2026-04-05T23:25:00.000Z,68751.14000000,68897.16000000,68734.67000000,68804.34000000,81.27358000
2026-04-05T23:30:00.000Z,68804.33000000,69122.00000000,68797.06000000,69046.03000000,344.88428000
2026-04-05T23:35:00.000Z,69046.03000000,69136.20000000,68987.07000000,68995.22000000,81.99121000
2026-04-05T23:40:00.000Z,68995.23000000,69044.48000000,68882.97000000,68949.99000000,109.46329000
2026-04-05T23:45:00.000Z,68950.00000000,69050.00000000,68934.01000000,68943.08000000,101.63897000
2026-04-05T23:50:00.000Z,68943.08000000,69039.92000000,68894.56000000,69004.50000000,128.35744000
2026-04-05T23:55:00.000Z,69004.50000000,69039.00000000,68992.37000000,69034.18000000,59.97888000
2026-04-06T00:00:00.000Z,69034.18000000,69588.00000000,69034.18000000,69349.21000000,774.33151000
2026-04-06T00:05:00.000Z,69349.21000000,69520.12000000,69323.26000000,69333.75000000,159.40219000
2026-04-06T00:10:00.000Z,69333.75000000,69336.28000000,69189.68000000,69234.56000000,136.62852000
2026-04-06T00:15:00.000Z,69234.56000000,69349.99000000,69199.99000000,69217.93000000,135.38276000
2026-04-06T00:20:00.000Z,69217.93000000,69268.97000000,69075.11000000,69261.60000000,148.88491000
2026-04-06T00:25:00.000Z,69261.61000000,69278.89000000,69127.21000000,69182.01000000,88.76869000
2026-04-06T00:30:00.000Z,69182.01000000,69335.51000000,69117.21000000,69117.25000000,134.59931000
2026-04-06T00:35:00.000Z,69117.25000000,69250.42000000,69096.80000000,69232.37000000,57.18992000
2026-04-06T00:40:00.000Z,69232.36000000,69437.72000000,69218.24000000,69312.72000000,125.05017000
2026-04-06T00:45:00.000Z,69312.73000000,69342.59000000,69212.99000000,69213.00000000,54.75446000
2026-04-06T00:50:00.000Z,69213.00000000,69275.18000000,69131.16000000,69131.17000000,51.14853000
2026-04-06T00:55:00.000Z,69131.16000000,69168.06000000,69071.20000000,69083.78000000,51.77511000
2026-04-06T01:00:00.000Z,69083.79000000,69139.63000000,68892.30000000,68922.70000000,189.84885000
2026-04-06T01:05:00.000Z,68922.71000000,68999.50000000,68878.13000000,68920.69000000,132.65201000
2026-04-06T01:10:00.000Z,68920.68000000,68976.00000000,68854.00000000,68854.65000000,78.98624000
2026-04-06T01:15:00.000Z,68854.66000000,68914.86000000,68840.00000000,68867.56000000,107.02146000
2026-04-06T01:20:00.000Z,68867.56000000,68963.46000000,68834.20000000,68923.01000000,57.79521000
2026-04-06T01:25:00.000Z,68923.01000000,68991.91000000,68923.01000000,68985.20000000,32.63275000
2026-04-06T01:30:00.000Z,68985.20000000,68985.21000000,68838.01000000,68870.99000000,50.30036000
2026-04-06T01:35:00.000Z,68871.00000000,68963.46000000,68852.61000000,68905.54000000,35.97863000
2026-04-06T01:40:00.000Z,68905.54000000,68905.54000000,68800.65000000,68800.66000000,44.01421000
2026-04-06T01:45:00.000Z,68800.67000000,68874.08000000,68787.13000000,68795.19000000,117.76103000
2026-04-06T01:50:00.000Z,68795.18000000,68876.09000000,68795.18000000,68800.30000000,105.06182000
2026-04-06T01:55:00.000Z,68800.30000000,68835.17000000,68788.55000000,68810.18000000,39.36307000
2026-04-06T02:00:00.000Z,68810.17000000,68949.99000000,68776.61000000,68942.36000000,73.46656000
2026-04-06T02:05:00.000Z,68942.35000000,68951.91000000,68823.87000000,68942.00000000,44.39464000
2026-04-06T02:10:00.000Z,68942.00000000,69326.84000000,68908.12000000,69112.58000000,173.18815000
2026-04-06T02:15:00.000Z,69114.62000000,69295.85000000,69101.84000000,69255.33000000,80.62724000
2026-04-06T02:20:00.000Z,69257.55000000,69317.63000000,69128.00000000,69157.99000000,86.93400000
2026-04-06T02:25:00.000Z,69157.98000000,69258.31000000,69122.00000000,69233.76000000,43.14385000
2026-04-06T02:30:00.000Z,69233.76000000,69408.39000000,69233.76000000,69341.17000000,173.71996000
2026-04-06T02:35:00.000Z,69341.17000000,69347.49000000,69238.00000000,69276.87000000,51.58956000
2026-04-06T02:40:00.000Z,69276.87000000,69276.87000000,69188.91000000,69221.11000000,37.57199000
2026-04-06T02:45:00.000Z,69221.11000000,69305.29000000,69206.99000000,69254.52000000,47.51717000
2026-04-06T02:50:00.000Z,69254.51000000,69301.82000000,69207.00000000,69223.00000000,33.42485000
2026-04-06T02:55:00.000Z,69223.00000000,69269.98000000,69207.99000000,69207.99000000,106.25697000
2026-04-06T03:00:00.000Z,69207.99000000,69257.40000000,69207.99000000,69214.03000000,122.41286000
2026-04-06T03:05:00.000Z,69214.03000000,69259.06000000,69155.70000000,69179.67000000,40.01410000
2026-04-06T03:10:00.000Z,69179.67000000,69254.64000000,69119.06000000,69131.06000000,38.96967000
2026-04-06T03:15:00.000Z,69131.06000000,69166.43000000,69070.73000000,69083.47000000,168.01591000
2026-04-06T03:20:00.000Z,69083.47000000,69170.00000000,69056.86000000,69163.98000000,38.74566000
2026-04-06T03:25:00.000Z,69163.99000000,69207.03000000,69160.47000000,69182.00000000,14.24333000
2026-04-06T03:30:00.000Z,69182.01000000,69232.48000000,69162.43000000,69202.11000000,36.54251000
2026-04-06T03:35:00.000Z,69202.11000000,69221.39000000,69177.00000000,69177.00000000,18.55421000
2026-04-06T03:40:00.000Z,69177.01000000,69177.01000000,69079.70000000,69120.00000000,51.70944000
2026-04-06T03:45:00.000Z,69119.99000000,69152.17000000,69096.74000000,69114.63000000,28.88601000
2026-04-06T03:50:00.000Z,69114.63000000,69140.44000000,69067.77000000,69075.29000000,33.60850000
2026-04-06T03:55:00.000Z,69075.29000000,69123.69000000,69069.00000000,69123.69000000,50.04675000
2026-04-06T04:00:00.000Z,69123.69000000,69200.00000000,69123.69000000,69199.98000000,28.77928000
2026-04-06T04:05:00.000Z,69199.99000000,69199.99000000,69033.34000000,69041.10000000,44.55910000
2026-04-06T04:10:00.000Z,69041.09000000,69075.93000000,69010.25000000,69075.93000000,72.83667000
2026-04-06T04:15:00.000Z,69075.93000000,69081.31000000,69001.50000000,69001.51000000,72.66513000
2026-04-06T04:20:00.000Z,69001.51000000,69020.90000000,68995.00000000,68999.13000000,40.13038000
2026-04-06T04:25:00.000Z,68999.13000000,69010.44000000,68980.36000000,68999.99000000,27.22970000
2026-04-06T04:30:00.000Z,68999.99000000,69055.55000000,68995.24000000,69051.37000000,23.45080000
2026-04-06T04:35:00.000Z,69051.38000000,69210.11000000,69051.37000000,69207.94000000,48.76787000
2026-04-06T04:40:00.000Z,69207.94000000,69210.11000000,69150.86000000,69184.07000000,97.36973000
2026-04-06T04:45:00.000Z,69184.07000000,69217.68000000,69148.13000000,69151.34000000,96.81532000
2026-04-06T04:50:00.000Z,69151.34000000,69173.82000000,69126.00000000,69172.36000000,67.69801000
2026-04-06T04:55:00.000Z,69172.36000000,69172.36000000,69136.30000000,69141.80000000,19.73547000
2026-04-06T05:00:00.000Z,69141.81000000,69165.72000000,69117.49000000,69152.94000000,69.99127000
2026-04-06T05:05:00.000Z,69152.93000000,69182.33000000,69134.06000000,69182.32000000,47.40461000
2026-04-06T05:10:00.000Z,69182.33000000,69182.33000000,69155.54000000,69162.19000000,16.62168000
2026-04-06T05:15:00.000Z,69162.18000000,69198.05000000,69145.69000000,69166.14000000,21.72379000
2026-04-06T05:20:00.000Z,69166.15000000,69219.98000000,69154.00000000,69154.00000000,144.31586000
2026-04-06T05:25:00.000Z,69154.00000000,69173.19000000,69086.00000000,69173.19000000,120.96112000
2026-04-06T05:30:00.000Z,69173.19000000,69247.00000000,69168.96000000,69235.01000000,69.66149000
2026-04-06T05:35:00.000Z,69235.01000000,69236.43000000,69193.08000000,69222.00000000,45.65454000
2026-04-06T05:40:00.000Z,69222.01000000,69232.57000000,69196.82000000,69219.57000000,27.65399000
2026-04-06T05:45:00.000Z,69219.57000000,69240.00000000,69151.84000000,69154.83000000,24.72641000
2026-04-06T05:50:00.000Z,69154.84000000,69205.99000000,69154.83000000,69200.58000000,30.21762000
2026-04-06T05:55:00.000Z,69200.58000000,69205.50000000,69184.00000000,69199.31000000,45.55404000
2026-04-06T06:00:00.000Z,69199.31000000,69202.58000000,69106.94000000,69119.57000000,58.18876000
2026-04-06T06:05:00.000Z,69119.57000000,69280.41000000,69115.99000000,69238.12000000,47.16884000
2026-04-06T06:10:00.000Z,69238.12000000,69354.26000000,69238.12000000,69309.24000000,87.09848000
2026-04-06T06:15:00.000Z,69309.23000000,69309.23000000,69222.53000000,69239.01000000,52.65521000
2026-04-06T06:20:00.000Z,69239.01000000,69242.52000000,68996.11000000,69035.71000000,80.69842000
2026-04-06T06:25:00.000Z,69035.71000000,69035.72000000,68806.53000000,68844.90000000,140.17164000
2026-04-06T06:30:00.000Z,68844.90000000,68916.28000000,68835.18000000,68857.00000000,77.62447000
2026-04-06T06:35:00.000Z,68857.00000000,68907.98000000,68851.12000000,68907.98000000,34.30572000
2026-04-06T06:40:00.000Z,68907.98000000,68975.09000000,68862.03000000,68926.65000000,57.28037000
2026-04-06T06:45:00.000Z,68926.65000000,68999.99000000,68926.64000000,68989.13000000,28.33386000
2026-04-06T06:50:00.000Z,68989.13000000,69106.95000000,68989.12000000,69028.80000000,124.26576000
2026-04-06T06:55:00.000Z,69028.80000000,69028.81000000,68970.74000000,68976.67000000,17.30915000
2026-04-06T07:00:00.000Z,68976.67000000,68988.81000000,68859.11000000,68859.12000000,33.77769000
2026-04-06T07:05:00.000Z,68859.12000000,68873.64000000,68821.07000000,68833.78000000,67.01721000
2026-04-06T07:10:00.000Z,68833.77000000,68915.98000000,68833.77000000,68897.76000000,36.10394000
2026-04-06T07:15:00.000Z,68897.76000000,68998.62000000,68897.75000000,68991.71000000,45.47507000
2026-04-06T07:20:00.000Z,68991.71000000,69088.31000000,68977.67000000,69086.29000000,37.30293000
2026-04-06T07:25:00.000Z,69086.29000000,69106.95000000,69072.00000000,69079.52000000,18.21077000
2026-04-06T07:30:00.000Z,69079.52000000,69079.52000000,68973.77000000,68992.02000000,61.16707000
2026-04-06T07:35:00.000Z,68992.01000000,69139.23000000,68992.01000000,69035.20000000,86.52914000
2026-04-06T07:40:00.000Z,69035.19000000,69050.06000000,68979.00000000,68982.23000000,61.80229000
2026-04-06T07:45:00.000Z,68982.23000000,69000.63000000,68952.61000000,69000.62000000,51.22367000
2026-04-06T07:50:00.000Z,69000.62000000,69215.37000000,69000.62000000,69191.07000000,124.34004000
2026-04-06T07:55:00.000Z,69191.06000000,69191.07000000,69084.26000000,69115.91000000,82.25283000
2026-04-06T08:00:00.000Z,69115.91000000,69224.22000000,69115.91000000,69160.92000000,46.31409000
2026-04-06T08:05:00.000Z,69160.92000000,69165.51000000,69081.88000000,69165.50000000,21.70429000
2026-04-06T08:10:00.000Z,69165.51000000,69200.00000000,69158.47000000,69170.18000000,21.59760000
2026-04-06T08:15:00.000Z,69170.18000000,69200.00000000,69128.94000000,69152.24000000,56.10639000
2026-04-06T08:20:00.000Z,69152.25000000,69242.03000000,69122.24000000,69220.00000000,65.11626000
2026-04-06T08:25:00.000Z,69220.00000000,69250.01000000,69207.96000000,69234.81000000,53.43438000
2026-04-06T08:30:00.000Z,69234.82000000,69260.00000000,69212.48000000,69255.92000000,31.69370000
2026-04-06T08:35:00.000Z,69255.93000000,69347.85000000,69240.94000000,69275.65000000,61.21841000
2026-04-06T08:40:00.000Z,69275.66000000,69313.60000000,69246.62000000,69302.53000000,60.76884000
2026-04-06T08:45:00.000Z,69302.53000000,69313.27000000,69228.73000000,69258.17000000,42.61736000
2026-04-06T08:50:00.000Z,69258.18000000,69258.18000000,69211.86000000,69257.47000000,32.13920000
2026-04-06T08:55:00.000Z,69257.46000000,69271.78000000,69224.62000000,69224.63000000,22.09494000
2026-04-06T09:00:00.000Z,69224.63000000,69261.38000000,69214.46000000,69243.83000000,29.24843000
2026-04-06T09:05:00.000Z,69243.82000000,69318.00000000,69234.36000000,69317.99000000,23.70508000
2026-04-06T09:10:00.000Z,69318.00000000,69747.93000000,69317.99000000,69633.59000000,395.13906000
2026-04-06T09:15:00.000Z,69633.59000000,69984.79000000,69631.57000000,69927.57000000,527.00614000
2026-04-06T09:20:00.000Z,69927.58000000,70283.32000000,69884.84000000,70056.85000000,585.64749000
2026-04-06T09:25:00.000Z,70056.85000000,70057.17000000,69884.70000000,69932.88000000,142.76961000
2026-04-06T09:30:00.000Z,69932.87000000,69978.46000000,69861.18000000,69900.00000000,80.60217000
2026-04-06T09:35:00.000Z,69900.00000000,69934.99000000,69774.80000000,69793.01000000,156.86517000
2026-04-06T09:40:00.000Z,69793.01000000,69922.36000000,69721.71000000,69853.31000000,149.48175000
2026-04-06T09:45:00.000Z,69853.32000000,69900.00000000,69818.83000000,69836.00000000,50.44634000
2026-04-06T09:50:00.000Z,69836.01000000,69836.01000000,69702.24000000,69709.42000000,136.39228000
2026-04-06T09:55:00.000Z,69709.42000000,69778.49000000,69701.75000000,69728.00000000,118.37990000
2026-04-06T10:00:00.000Z,69728.01000000,69825.26000000,69728.01000000,69825.26000000,45.40928000
2026-04-06T10:05:00.000Z,69825.25000000,69853.42000000,69800.00000000,69810.27000000,33.32802000
2026-04-06T10:10:00.000Z,69810.27000000,69851.86000000,69810.24000000,69821.63000000,51.15426000
2026-04-06T10:15:00.000Z,69821.64000000,69841.89000000,69770.90000000,69790.04000000,64.02553000
2026-04-06T10:20:00.000Z,69790.04000000,69870.93000000,69790.03000000,69831.87000000,38.95730000
2026-04-06T10:25:00.000Z,69831.87000000,69831.87000000,69740.38000000,69769.82000000,48.83782000
2026-04-06T10:30:00.000Z,69769.82000000,69841.98000000,69757.30000000,69824.31000000,34.91844000
2026-04-06T10:35:00.000Z,69824.32000000,69950.00000000,69796.72000000,69904.64000000,94.77619000
2026-04-06T10:40:00.000Z,69904.63000000,69904.64000000,69854.69000000,69894.50000000,27.28106000
2026-04-06T10:45:00.000Z,69894.51000000,69894.51000000,69714.27000000,69800.27000000,118.22251000
2026-04-06T10:50:00.000Z,69800.27000000,69810.01000000,69714.27000000,69741.70000000,40.19168000
2026-04-06T10:55:00.000Z,69741.70000000,69786.99000000,69708.13000000,69770.88000000,37.81240000
2026-04-06T11:00:00.000Z,69770.88000000,69770.96000000,69676.66000000,69701.15000000,46.48521000
2026-04-06T11:05:00.000Z,69701.15000000,69756.94000000,69675.05000000,69756.94000000,28.04397000
2026-04-06T11:10:00.000Z,69756.94000000,69767.44000000,69675.46000000,69682.42000000,26.88908000
2026-04-06T11:15:00.000Z,69682.43000000,69720.31000000,69682.42000000,69706.17000000,20.15172000
2026-04-06T11:20:00.000Z,69706.17000000,69706.17000000,69581.61000000,69633.43000000,105.19953000
2026-04-06T11:25:00.000Z,69633.44000000,69660.00000000,69604.00000000,69625.60000000,42.35122000
2026-04-06T11:30:00.000Z,69625.60000000,69700.00000000,69571.63000000,69697.90000000,55.26274000
2026-04-06T11:35:00.000Z,69697.91000000,69717.65000000,69664.42000000,69666.05000000,39.29400000
2026-04-06T11:40:00.000Z,69666.06000000,69680.00000000,69632.36000000,69650.90000000,35.82829000
2026-04-06T11:45:00.000Z,69650.91000000,69689.65000000,69603.66000000,69647.26000000,16.28825000
2026-04-06T11:50:00.000Z,69647.26000000,69704.49000000,69645.41000000,69645.41000000,21.57889000
2026-04-06T11:55:00.000Z,69645.41000000,69645.42000000,69565.01000000,69614.91000000,16.26505000
2026-04-06T12:00:00.000Z,69614.91000000,69635.87000000,69575.73000000,69581.04000000,27.82219000
2026-04-06T12:05:00.000Z,69581.05000000,69610.88000000,69511.14000000,69515.42000000,75.20286000
2026-04-06T12:10:00.000Z,69515.42000000,69519.59000000,69459.97000000,69482.58000000,34.68334000
2026-04-06T12:15:00.000Z,69482.59000000,69522.00000000,69461.20000000,69521.99000000,64.63244000
2026-04-06T12:20:00.000Z,69522.00000000,69530.00000000,69488.78000000,69503.99000000,26.13709000
2026-04-06T12:25:00.000Z,69504.00000000,69514.98000000,69426.98000000,69465.27000000,28.65174000
2026-04-06T12:30:00.000Z,69465.28000000,69470.00000000,69384.89000000,69456.42000000,86.63650000
2026-04-06T12:35:00.000Z,69456.42000000,69523.80000000,69446.70000000,69514.78000000,27.77135000
2026-04-06T12:40:00.000Z,69514.78000000,69544.96000000,69460.42000000,69493.05000000,40.88544000
2026-04-06T12:45:00.000Z,69493.05000000,69540.15000000,69404.07000000,69404.08000000,55.19045000
2026-04-06T12:50:00.000Z,69404.08000000,69427.79000000,69354.32000000,69390.40000000,93.82742000
2026-04-06T12:55:00.000Z,69390.40000000,69410.00000000,69329.23000000,69366.75000000,40.26158000
2026-04-06T13:00:00.000Z,69366.76000000,69443.07000000,69366.76000000,69437.98000000,34.48998000
2026-04-06T13:05:00.000Z,69437.99000000,69442.52000000,69396.00000000,69438.96000000,29.54074000
2026-04-06T13:10:00.000Z,69438.96000000,69445.36000000,69410.02000000,69410.02000000,28.97587000
2026-04-06T13:15:00.000Z,69410.02000000,69413.97000000,69330.00000000,69339.34000000,46.29348000
2026-04-06T13:20:00.000Z,69339.33000000,69418.56000000,69339.33000000,69418.55000000,30.89972000
2026-04-06T13:25:00.000Z,69418.54000000,69483.41000000,69418.54000000,69474.58000000,33.69928000
2026-04-06T13:30:00.000Z,69474.59000000,69550.00000000,69376.92000000,69481.37000000,92.14974000
2026-04-06T13:35:00.000Z,69481.38000000,69521.18000000,69235.09000000,69306.00000000,100.91210000
2026-04-06T13:40:00.000Z,69306.00000000,69408.00000000,69240.69000000,69325.22000000,73.29377000
2026-04-06T13:45:00.000Z,69325.22000000,69386.97000000,69251.32000000,69351.65000000,66.10631000
2026-04-06T13:50:00.000Z,69351.65000000,69492.04000000,69348.03000000,69431.27000000,69.20061000
2026-04-06T13:55:00.000Z,69431.27000000,69441.67000000,69336.06000000,69428.23000000,51.04684000
2026-04-06T14:00:00.000Z,69428.23000000,69642.10000000,69163.86000000,69202.38000000,218.94613000
2026-04-06T14:05:00.000Z,69202.38000000,69288.00000000,69202.37000000,69287.99000000,65.06523000
2026-04-06T14:10:00.000Z,69288.00000000,69348.26000000,69191.10000000,69348.26000000,73.53383000
2026-04-06T14:15:00.000Z,69348.26000000,69480.00000000,69348.25000000,69467.95000000,63.50361000
2026-04-06T14:20:00.000Z,69467.96000000,69643.80000000,69467.95000000,69510.43000000,161.42198000
2026-04-06T14:25:00.000Z,69510.42000000,69593.55000000,69479.39000000,69546.77000000,47.09437000
2026-04-06T14:30:00.000Z,69546.78000000,69688.00000000,69532.14000000,69642.34000000,98.79106000
2026-04-06T14:35:00.000Z,69642.34000000,69809.99000000,69315.38000000,69339.55000000,331.30192000
2026-04-06T14:40:00.000Z,69339.54000000,69537.40000000,69332.61000000,69462.66000000,85.55039000
2026-04-06T14:45:00.000Z,69462.65000000,69462.65000000,69309.14000000,69345.00000000,59.06734000
2026-04-06T14:50:00.000Z,69345.00000000,69618.24000000,69344.99000000,69614.00000000,57.86724000
2026-04-06T14:55:00.000Z,69614.00000000,69693.04000000,69570.80000000,69654.38000000,74.77972000
2026-04-06T15:00:00.000Z,69654.39000000,69760.08000000,69588.00000000,69650.02000000,85.89578000
2026-04-06T15:05:00.000Z,69650.02000000,69684.99000000,69526.87000000,69676.78000000,53.42030000
2026-04-06T15:10:00.000Z,69676.78000000,69800.00000000,69567.55000000,69705.50000000,69.78600000
2026-04-06T15:15:00.000Z,69705.51000000,69769.26000000,69652.38000000,69656.34000000,67.86430000
2026-04-06T15:20:00.000Z,69656.34000000,69713.21000000,69610.00000000,69651.66000000,58.59247000
2026-04-06T15:25:00.000Z,69651.66000000,69744.75000000,69600.00000000,69742.91000000,52.65916000
2026-04-06T15:30:00.000Z,69742.91000000,69801.07000000,69655.32000000,69759.22000000,71.21145000
2026-04-06T15:35:00.000Z,69759.23000000,69773.43000000,69666.51000000,69750.01000000,33.21842000
2026-04-06T15:40:00.000Z,69750.00000000,69856.61000000,69699.24000000,69825.66000000,53.77089000
2026-04-06T15:45:00.000Z,69825.26000000,69892.79000000,69787.13000000,69825.66000000,50.26379000
2026-04-06T15:50:00.000Z,69825.66000000,69946.71000000,69806.11000000,69934.93000000,94.05640000
2026-04-06T15:55:00.000Z,69934.93000000,69973.25000000,69900.12000000,69968.87000000,123.39277000
2026-04-06T16:00:00.000Z,69968.87000000,69985.50000000,69887.19000000,69932.14000000,66.05777000
2026-04-06T16:05:00.000Z,69932.15000000,69949.16000000,69856.62000000,69896.62000000,97.91295000
2026-04-06T16:10:00.000Z,69896.62000000,70110.00000000,69873.20000000,70074.76000000,133.39363000
2026-04-06T16:15:00.000Z,70074.76000000,70092.68000000,69922.22000000,69999.41000000,95.31656000
2026-04-06T16:20:00.000Z,69999.40000000,70047.09000000,69974.15000000,70012.77000000,35.29172000
2026-04-06T16:25:00.000Z,70012.77000000,70024.99000000,69903.31000000,69907.24000000,37.40224000
2026-04-06T16:30:00.000Z,69907.23000000,70010.00000000,69849.88000000,70010.00000000,83.35768000
2026-04-06T16:35:00.000Z,70010.00000000,70110.00000000,69999.88000000,70012.61000000,114.62520000
2026-04-06T16:40:00.000Z,70012.60000000,70129.87000000,70004.87000000,70129.86000000,95.47266000
2026-04-06T16:45:00.000Z,70129.86000000,70351.46000000,70085.62000000,70227.49000000,265.07620000
2026-04-06T16:50:00.000Z,70227.49000000,70230.73000000,70025.12000000,70029.01000000,102.03696000
2026-04-06T16:55:00.000Z,70029.00000000,70043.14000000,69782.11000000,69799.14000000,165.27542000
2026-04-06T17:00:00.000Z,69799.14000000,69820.00000000,69480.18000000,69587.99000000,200.62140000
2026-04-06T17:05:00.000Z,69588.00000000,69672.62000000,69508.65000000,69644.20000000,77.38060000
2026-04-06T17:10:00.000Z,69644.19000000,69648.89000000,69314.44000000,69346.42000000,109.03615000
2026-04-06T17:15:00.000Z,69346.41000000,69392.91000000,69282.02000000,69356.99000000,88.01303000
2026-04-06T17:20:00.000Z,69356.99000000,69492.91000000,69320.00000000,69478.68000000,74.34698000
2026-04-06T17:25:00.000Z,69478.68000000,69578.88000000,69478.67000000,69537.56000000,50.81155000
2026-04-06T17:30:00.000Z,69537.56000000,69638.40000000,69509.42000000,69536.30000000,55.28591000
2026-04-06T17:35:00.000Z,69536.30000000,69613.98000000,69506.86000000,69517.25000000,74.24608000
2026-04-06T17:40:00.000Z,69517.25000000,69533.63000000,69459.73000000,69468.20000000,29.61113000