Time_Local,Open,High,Low,Close,Delta_%,Action,Entry,Exit,PnL_USD
02:05,67298.9,67298.9,67270.6,67277.1,0.032,NONE,-,-,-
02:10,67277.1,67277.1,67241.2,67257.4,0.029,NONE,-,-,-
02:15,67257.4,67257.4,67243.0,67256.3,0.002,NONE,-,-,-
02:20,67256.3,67256.3,67239.5,67246.0,0.015,NONE,-,-,-
02:25,67246.0,67273.6,67232.0,67264.4,0.027,NONE,-,-,-
02:30,67264.4,67264.4,67231.5,67241.2,0.035,NONE,-,-,-
02:35,67241.2,67260.0,67241.2,67259.9,0.028,NONE,-,-,-
02:40,67260.0,67270.7,67247.8,67247.8,0.018,NONE,-,-,-
02:45,67247.8,67272.8,67244.0,67244.0,0.006,NONE,-,-,-
02:50,67244.1,67244.1,67205.0,67215.6,0.042,NONE,-,-,-
02:55,67215.6,67225.0,67168.1,67225.0,0.014,NONE,-,-,-
03:00,67225.0,67230.0,67159.6,67165.7,0.088,NONE,-,-,-
03:05,67165.6,67169.2,67120.0,67149.4,0.024,NONE,-,-,-
03:10,67149.4,67205.4,67149.3,67189.7,0.06,NONE,-,-,-
03:15,67189.7,67189.7,67163.2,67163.2,0.039,NONE,-,-,-
03:20,67163.3,67175.0,67137.1,67146.9,0.024,NONE,-,-,-
03:25,67146.9,67154.6,67128.0,67130.2,0.025,NONE,-,-,-
03:30,67130.2,67130.2,67080.1,67119.2,0.016,NONE,-,-,-
03:35,67119.2,67119.2,67085.3,67088.3,0.046,NONE,-,-,-
03:40,67088.3,67108.4,67080.0,67086.7,0.002,NONE,-,-,-
03:45,67086.7,67107.2,67086.7,67107.2,0.031,NONE,-,-,-
03:50,67107.2,67119.8,67105.8,67105.8,0.002,NONE,-,-,-
03:55,67105.8,67110.3,67082.4,67085.0,0.031,NONE,-,-,-
04:00,67085.0,67090.7,66955.7,67042.5,0.063,NONE,-,-,-
04:05,67042.6,67046.5,67012.0,67015.3,0.041,NONE,-,-,-
04:10,67015.3,67015.3,66989.0,66998.4,0.025,NONE,-,-,-
04:15,66998.4,67078.9,66992.3,67078.9,0.12,LONG,67078.9,67107.6,0.0128
04:20,67078.9,67111.7,67067.1,67107.6,0.043,NONE,-,-,-
04:25,67107.6,67158.6,67106.0,67129.5,0.033,NONE,-,-,-
04:30,67129.5,67171.2,67118.0,67149.4,0.03,NONE,-,-,-
04:35,67149.4,67155.2,67133.4,67148.0,0.002,NONE,-,-,-
04:40,67148.0,67148.0,67136.0,67136.0,0.018,NONE,-,-,-
04:45,67136.0,67141.8,67129.2,67135.8,0.0,NONE,-,-,-
04:50,67135.8,67162.9,67135.8,67162.9,0.04,NONE,-,-,-
04:55,67162.9,67174.9,67162.9,67170.2,0.011,NONE,-,-,-
05:00,67170.2,67187.9,67170.2,67175.9,0.009,NONE,-,-,-
05:05,67175.9,67175.9,67154.6,67163.4,0.019,NONE,-,-,-
05:10,67163.4,67188.1,67156.8,67188.1,0.037,NONE,-,-,-
05:15,67188.1,67188.1,67155.6,67155.6,0.048,NONE,-,-,-
05:20,67155.6,67160.6,67131.4,67160.6,0.007,NONE,-,-,-
05:25,67160.6,67160.6,67154.6,67154.6,0.009,NONE,-,-,-
05:30,67154.6,67154.6,67105.5,67105.5,0.073,NONE,-,-,-
05:35,67105.5,67120.2,67089.3,67116.1,0.016,NONE,-,-,-
05:40,67116.1,67139.1,67116.1,67139.1,0.034,NONE,-,-,-
05:45,67139.1,67140.7,67135.0,67135.0,0.006,NONE,-,-,-
05:50,67135.0,67135.0,67122.4,67132.9,0.003,NONE,-,-,-
05:55,67132.9,67146.0,67124.6,67146.0,0.019,NONE,-,-,-
06:00,67146.0,67146.0,67112.9,67133.8,0.018,NONE,-,-,-
06:05,67133.8,67133.8,67108.0,67108.0,0.038,NONE,-,-,-
06:10,67108.0,67108.0,67073.6,67087.2,0.031,NONE,-,-,-
06:15,67087.2,67117.2,67083.5,67117.2,0.045,NONE,-,-,-
06:20,67117.2,67134.6,67117.2,67126.9,0.014,NONE,-,-,-
06:25,67126.9,67188.5,67126.9,67188.5,0.092,NONE,-,-,-
06:30,67188.5,67188.5,67164.8,67164.8,0.035,NONE,-,-,-
06:35,67164.8,67164.8,67150.0,67154.6,0.015,NONE,-,-,-
06:40,67154.6,67154.6,67130.3,67130.3,0.036,NONE,-,-,-
06:45,67130.3,67130.3,67086.7,67086.7,0.065,NONE,-,-,-
06:50,67086.7,67119.8,67086.7,67101.6,0.022,NONE,-,-,-
06:55,67101.6,67140.6,67093.2,67101.6,0.0,NONE,-,-,-
07:00,67101.6,67125.2,67095.0,67125.2,0.035,NONE,-,-,-
07:05,67125.2,67135.0,67114.9,67128.7,0.005,NONE,-,-,-
07:10,67128.7,67155.0,67112.6,67112.6,0.024,NONE,-,-,-
07:15,67112.6,67134.0,67108.0,67126.0,0.02,NONE,-,-,-
07:20,67126.0,67126.0,67054.7,67092.0,0.051,NONE,-,-,-
07:25,67092.0,67100.6,67091.6,67095.0,0.004,NONE,-,-,-
07:30,67095.0,67109.1,67095.0,67106.8,0.018,NONE,-,-,-
07:35,67106.8,67106.8,67055.0,67076.3,0.045,NONE,-,-,-
07:40,67076.3,67085.5,67076.3,67085.5,0.014,NONE,-,-,-
07:45,67085.5,67098.9,67076.9,67076.9,0.013,NONE,-,-,-
07:50,67076.9,67076.9,66948.2,66986.0,0.136,SHORT,66986.0,66931.6,0.0243
07:55,66986.0,66986.0,66888.0,66931.6,0.081,NONE,-,-,-
08:00,66931.6,66940.0,66895.9,66937.0,0.008,NONE,-,-,-
08:05,66937.0,66937.0,66690.5,66704.8,0.347,SHORT,66704.8,66660.3,0.02
08:10,66704.8,66734.5,66626.7,66660.3,0.067,NONE,-,-,-
08:15,66660.3,66686.7,66611.7,66679.1,0.028,NONE,-,-,-
08:20,66679.1,66766.8,66679.1,66746.0,0.1,LONG,66746.0,66763.9,0.008
08:25,66746.0,66777.8,66746.0,66763.9,0.027,NONE,-,-,-
08:30,66763.9,66842.7,66763.9,66810.4,0.07,NONE,-,-,-
08:35,66810.4,66850.0,66788.3,66805.0,0.008,NONE,-,-,-
08:40,66805.0,66835.7,66805.0,66826.6,0.032,NONE,-,-,-
08:45,66826.6,66843.6,66806.0,66831.9,0.008,NONE,-,-,-
08:50,66831.9,66858.0,66829.9,66829.9,0.003,NONE,-,-,-
08:55,66829.9,66864.4,66800.0,66802.2,0.041,NONE,-,-,-
09:00,66802.2,66891.4,66802.2,66865.3,0.094,NONE,-,-,-
09:05,66865.3,66899.0,66865.3,66877.5,0.018,NONE,-,-,-
09:10,66877.5,66914.5,66860.2,66905.1,0.041,NONE,-,-,-
09:15,66905.1,66912.6,66805.6,66843.8,0.092,NONE,-,-,-
09:20,66843.8,66843.8,66823.5,66823.5,0.031,NONE,-,-,-
09:25,66823.5,66823.5,66800.0,66817.0,0.01,NONE,-,-,-
09:30,66817.0,66817.0,66736.8,66764.5,0.078,NONE,-,-,-
09:35,66764.5,66767.6,66715.4,66737.4,0.041,NONE,-,-,-
09:40,66737.4,66780.4,66737.4,66767.0,0.044,NONE,-,-,-
09:45,66767.0,66805.5,66750.0,66750.0,0.025,NONE,-,-,-
09:50,66750.0,66800.0,66740.4,66800.0,0.075,NONE,-,-,-
09:55,66800.0,66829.0,66800.0,66820.6,0.031,NONE,-,-,-
10:00,66820.6,66876.6,66819.4,66854.8,0.051,NONE,-,-,-
10:05,66854.8,66882.3,66845.4,66876.5,0.032,NONE,-,-,-
10:10,66876.5,66884.0,66855.9,66862.2,0.021,NONE,-,-,-
10:15,66862.2,66902.6,66862.2,66898.8,0.055,NONE,-,-,-
10:20,66898.8,66907.7,66889.0,66889.0,0.015,NONE,-,-,-
10:25,66889.0,66895.9,66871.7,66875.1,0.021,NONE,-,-,-
10:30,66875.1,66882.4,66868.0,66874.3,0.001,NONE,-,-,-
10:35,66874.3,66891.6,66871.3,66891.6,0.026,NONE,-,-,-
10:40,66891.6,66891.6,66840.7,66860.2,0.047,NONE,-,-,-
10:45,66860.2,66896.1,66860.2,66896.1,0.054,NONE,-,-,-
10:50,66896.1,66915.6,66896.1,66899.4,0.005,NONE,-,-,-
10:55,66899.4,66940.0,66899.4,66933.2,0.051,NONE,-,-,-
11:00,66933.2,66975.6,66933.2,66971.1,0.057,NONE,-,-,-
11:05,66971.1,66993.7,66902.2,66926.5,0.067,NONE,-,-,-
11:10,66926.5,66938.6,66922.1,66930.0,0.005,NONE,-,-,-
11:15,66930.0,66956.5,66930.0,66956.5,0.04,NONE,-,-,-
11:20,66956.5,67013.3,66947.6,67013.3,0.085,NONE,-,-,-
11:25,67013.3,67037.2,67002.5,67015.6,0.003,NONE,-,-,-
11:30,67015.6,67017.3,66985.2,66996.9,0.028,NONE,-,-,-
11:35,66996.9,67001.2,66969.8,66983.3,0.02,NONE,-,-,-
11:40,66983.4,67026.8,66983.3,67026.8,0.065,NONE,-,-,-
11:45,67026.8,67048.6,67009.7,67046.0,0.029,NONE,-,-,-
11:50,67046.0,67046.0,67034.0,67034.1,0.018,NONE,-,-,-
11:55,67034.1,67039.1,67025.9,67035.2,0.002,NONE,-,-,-
12:00,67035.2,67035.2,67001.2,67032.9,0.003,NONE,-,-,-
12:05,67032.9,67035.4,67000.8,67000.8,0.048,NONE,-,-,-
12:10,67000.8,67013.6,66975.7,66975.7,0.038,NONE,-,-,-
12:15,66975.7,66986.0,66968.4,66969.0,0.01,NONE,-,-,-
12:20,66969.0,66983.3,66969.0,66978.0,0.013,NONE,-,-,-
12:25,66978.0,66992.9,66978.0,66992.9,0.022,NONE,-,-,-
12:30,66992.9,67008.0,66992.9,67008.0,0.023,NONE,-,-,-
12:35,67008.0,67150.0,67008.0,67117.7,0.164,LONG,67117.7,67086.0,-0.0142
12:40,67117.7,67124.3,67066.1,67086.0,0.047,NONE,-,-,-
12:45,67086.0,67086.0,67035.4,67043.0,0.064,NONE,-,-,-
12:50,67043.0,67054.5,67009.6,67046.8,0.006,NONE,-,-,-
12:55,67046.8,67059.9,67042.3,67046.0,0.001,NONE,-,-,-
13:00,67046.0,67079.4,67034.3,67055.4,0.014,NONE,-,-,-
13:05,67055.4,67072.3,67046.1,67046.1,0.014,NONE,-,-,-
13:10,67046.1,67087.2,67045.9,67045.9,0.0,NONE,-,-,-
13:15,67045.9,67081.6,67045.9,67064.6,0.028,NONE,-,-,-
13:20,67064.6,67072.8,67050.4,67050.4,0.021,NONE,-,-,-
13:25,67050.4,67050.4,66991.8,67010.2,0.06,NONE,-,-,-
13:30,67010.2,67016.7,66993.2,67016.6,0.01,NONE,-,-,-
13:35,67016.6,67016.6,66973.7,66992.4,0.036,NONE,-,-,-
13:40,66992.4,66992.4,66986.6,66992.0,0.001,NONE,-,-,-
13:45,66992.0,66992.0,66975.7,66984.6,0.011,NONE,-,-,-
13:50,66984.6,66998.4,66984.6,66998.0,0.02,NONE,-,-,-
13:55,66998.0,66999.0,66984.8,66999.0,0.001,NONE,-,-,-
14:00,66999.0,66999.0,66918.0,66922.6,0.114,SHORT,66922.6,66944.6,-0.0099
14:05,66922.6,66960.0,66922.6,66944.6,0.033,NONE,-,-,-
14:10,66944.6,66945.1,66900.9,66906.0,0.058,NONE,-,-,-
14:15,66906.0,66937.9,66905.9,66927.9,0.033,NONE,-,-,-
14:20,66927.9,66932.4,66914.5,66914.5,0.02,NONE,-,-,-
14:25,66914.5,66915.0,66885.9,66885.9,0.043,NONE,-,-,-
14:30,66885.9,66890.0,66728.2,66764.5,0.181,SHORT,66764.5,66738.5,0.0117
14:35,66764.5,66800.0,66692.2,66738.5,0.039,NONE,-,-,-
14:40,66738.5,66775.8,66695.6,66745.0,0.01,NONE,-,-,-
14:45,66745.0,66745.0,66680.6,66699.4,0.068,NONE,-,-,-
14:50,66699.3,66794.5,66699.3,66779.3,0.12,LONG,66779.3,66783.6,0.0019
14:55,66779.3,66803.8,66776.0,66783.6,0.006,NONE,-,-,-
15:00,66783.6,66854.8,66765.6,66852.3,0.103,LONG,66852.3,66814.8,-0.0168
15:05,66852.3,66852.3,66811.2,66814.8,0.056,NONE,-,-,-
15:10,66814.8,66839.5,66760.4,66760.4,0.081,NONE,-,-,-
15:15,66760.4,66795.4,66742.0,66795.4,0.052,NONE,-,-,-
15:20,66795.3,66854.8,66794.2,66832.2,0.055,NONE,-,-,-
15:25,66832.2,66832.2,66703.7,66703.7,0.192,SHORT,66703.7,66770.4,-0.03
15:30,66703.7,66841.1,66693.9,66812.6,0.163,LONG,66812.5,66842.1,0.0133
15:35,66812.5,66842.2,66787.1,66842.1,0.044,NONE,-,-,-
15:40,66842.2,66853.5,66816.0,66831.0,0.017,NONE,-,-,-
15:45,66831.0,66872.0,66831.0,66856.9,0.039,NONE,-,-,-
15:50,66856.9,66918.0,66856.9,66871.1,0.021,NONE,-,-,-
15:55,66871.1,66907.8,66863.2,66890.7,0.029,NONE,-,-,-
16:00,66890.7,66963.8,66850.0,66954.7,0.096,NONE,-,-,-
16:05,66954.7,66958.3,66911.5,66924.9,0.045,NONE,-,-,-
16:10,66924.9,66932.0,66866.9,66872.1,0.079,NONE,-,-,-
16:15,66872.1,66874.0,66820.5,66863.3,0.013,NONE,-,-,-
16:20,66863.3,66881.9,66847.2,66880.8,0.026,NONE,-,-,-
16:25,66880.8,66915.3,66880.8,66908.0,0.041,NONE,-,-,-
16:30,66908.0,66917.2,66893.0,66894.5,0.02,NONE,-,-,-
16:35,66894.5,66943.6,66886.9,66943.6,0.073,NONE,-,-,-
16:40,66943.6,66964.0,66923.3,66946.7,0.005,NONE,-,-,-
16:45,66947.0,66947.0,66914.5,66936.3,0.016,NONE,-,-,-
16:50,66936.3,66945.1,66927.2,66927.2,0.014,NONE,-,-,-
16:55,66927.2,66927.9,66909.7,66918.0,0.014,NONE,-,-,-
17:00,66918.0,66934.8,66886.8,66886.8,0.047,NONE,-,-,-
17:05,66886.8,66927.9,66829.0,66927.9,0.061,NONE,-,-,-
17:10,66927.9,66970.0,66927.9,66929.0,0.002,NONE,-,-,-
17:15,66929.0,67008.6,66929.0,66973.8,0.067,NONE,-,-,-
17:20,66973.8,66992.6,66962.3,66984.8,0.016,NONE,-,-,-
17:25,66984.7,67530.0,66980.2,67500.0,0.769,LONG,67500.0,67432.5,-0.03
17:30,67500.0,67856.2,67396.0,67480.6,0.029,NONE,-,-,-
17:35,67480.6,67545.1,67396.3,67401.0,0.118,SHORT,67401.0,67437.2,-0.0161
17:40,67401.0,67450.0,67316.5,67437.2,0.054,NONE,-,-,-
17:45,67437.2,67456.4,67323.5,67373.6,0.094,NONE,-,-,-
17:50,67373.6,67444.0,67357.6,67357.6,0.024,NONE,-,-,-
17:55,67357.6,67363.0,67272.7,67306.6,0.076,NONE,-,-,-
18:00,67306.6,67377.9,67306.6,67358.6,0.077,NONE,-,-,-
18:05,67358.6,67396.6,67270.9,67333.4,0.037,NONE,-,-,-
18:10,67333.4,67372.0,67291.4,67295.2,0.057,NONE,-,-,-
18:15,67295.2,67362.3,67295.1,67348.5,0.079,NONE,-,-,-
18:20,67348.5,67379.0,67348.5,67370.5,0.033,NONE,-,-,-
18:25,67370.5,67383.2,67325.6,67325.6,0.067,NONE,-,-,-
18:30,67325.6,67410.0,67316.0,67366.2,0.06,NONE,-,-,-
18:35,67366.2,67366.2,67313.9,67313.9,0.078,NONE,-,-,-
18:40,67313.9,67331.3,67267.2,67323.5,0.014,NONE,-,-,-
18:45,67323.5,67323.5,67203.4,67216.0,0.16,SHORT,67216.0,67194.2,0.0097
18:50,67216.0,67241.7,67173.4,67194.2,0.032,NONE,-,-,-
18:55,67194.2,67216.0,67182.0,67212.6,0.027,NONE,-,-,-
19:00,67212.6,67253.0,67188.0,67220.0,0.011,NONE,-,-,-
19:05,67220.0,67291.1,67210.0,67284.9,0.097,NONE,-,-,-
19:10,67284.9,67306.3,67260.7,67284.8,0.0,NONE,-,-,-
19:15,67284.8,67293.8,67222.0,67222.0,0.093,NONE,-,-,-
19:20,67222.0,67242.9,67188.3,67242.9,0.031,NONE,-,-,-
19:25,67242.9,67343.8,67242.9,67339.6,0.144,LONG,67339.6,67310.3,-0.013
19:30,67339.6,67343.8,67306.0,67310.3,0.043,NONE,-,-,-
19:35,67310.3,67386.0,67310.3,67385.9,0.112,LONG,67386.0,67361.0,-0.0111
19:40,67386.0,67402.0,67353.2,67361.0,0.037,NONE,-,-,-
19:45,67361.0,67396.6,67308.3,67340.0,0.031,NONE,-,-,-
19:50,67340.0,67363.3,67312.9,67358.9,0.028,NONE,-,-,-
19:55,67358.8,67373.6,67343.9,67373.6,0.022,NONE,-,-,-
20:00,67373.6,67375.1,67284.8,67319.6,0.08,NONE,-,-,-
20:05,67319.6,67337.1,67291.0,67291.0,0.042,NONE,-,-,-
20:10,67291.0,67333.4,67284.1,67304.8,0.021,NONE,-,-,-
20:15,67304.8,67337.4,67281.4,67281.4,0.035,NONE,-,-,-
20:20,67281.4,67306.3,67281.4,67306.3,0.037,NONE,-,-,-
20:25,67306.3,67309.4,67285.5,67299.5,0.01,NONE,-,-,-
20:30,67299.5,67450.0,67299.5,67417.5,0.175,LONG,67417.5,67439.3,0.0097
20:35,67417.5,67450.2,67394.4,67439.3,0.032,NONE,-,-,-
20:40,67439.3,67448.9,67406.2,67425.5,0.02,NONE,-,-,-
20:45,67425.5,67451.8,67406.0,67419.9,0.008,NONE,-,-,-
20:50,67419.9,67419.9,67392.0,67405.6,0.021,NONE,-,-,-
20:55,67405.6,67413.8,67392.0,67413.8,0.012,NONE,-,-,-
21:00,67413.8,67415.1,67382.5,67382.5,0.046,NONE,-,-,-
21:05,67382.5,67410.0,67382.5,67396.0,0.02,NONE,-,-,-
21:10,67396.0,67423.8,67364.6,67418.3,0.033,NONE,-,-,-
21:15,67418.3,67520.0,67397.6,67520.0,0.151,LONG,67520.0,67521.0,0.0004
21:20,67520.0,67560.4,67486.2,67521.0,0.001,NONE,-,-,-
21:25,67521.0,67543.3,67465.2,67465.2,0.083,NONE,-,-,-
21:30,67465.2,67472.0,67442.2,67451.0,0.021,NONE,-,-,-
21:35,67451.0,67451.0,67320.2,67326.4,0.185,SHORT,67326.4,67308.8,0.0078
21:40,67326.4,67342.8,67289.8,67308.8,0.026,NONE,-,-,-
21:45,67308.8,67328.0,67276.7,67276.7,0.048,NONE,-,-,-
21:50,67276.7,67326.5,67276.7,67312.3,0.053,NONE,-,-,-
21:55,67312.3,67361.0,67312.3,67361.0,0.072,NONE,-,-,-
22:00,67361.0,67416.5,67351.4,67351.4,0.014,NONE,-,-,-
22:05,67351.4,67374.7,67332.7,67359.6,0.012,NONE,-,-,-
22:10,67359.6,67381.5,67344.4,67378.0,0.027,NONE,-,-,-
22:15,67378.0,67378.0,67374.6,67374.6,0.005,NONE,-,-,-
22:20,67374.6,67476.6,67374.6,67466.9,0.137,LONG,67466.9,67479.0,0.0054
22:25,67466.9,67493.2,67448.3,67479.0,0.018,NONE,-,-,-
22:30,67479.0,67492.0,67467.7,67477.6,0.002,NONE,-,-,-
22:35,67477.6,67690.5,67467.7,67688.6,0.313,LONG,67688.6,67620.9,-0.03
22:40,67688.6,67705.7,67554.7,67554.7,0.198,SHORT,67554.7,67622.3,-0.03
22:45,67554.7,67656.0,67544.7,67656.0,0.15,LONG,67656.0,67630.2,-0.0114
22:50,67656.0,67667.9,67599.5,67630.2,0.038,NONE,-,-,-
22:55,67630.3,67658.4,67628.0,67658.4,0.042,NONE,-,-,-
23:00,67658.4,67658.4,67560.4,67613.8,0.066,NONE,-,-,-
23:05,67613.7,67625.0,67594.0,67618.3,0.007,NONE,-,-,-
23:10,67618.3,67633.8,67408.1,67521.9,0.143,SHORT,67521.9,67496.8,0.0111
23:15,67521.9,67543.8,67492.8,67496.8,0.037,NONE,-,-,-
23:20,67496.8,67513.3,67474.0,67482.5,0.021,NONE,-,-,-
23:25,67482.5,67482.5,67412.9,67476.4,0.009,NONE,-,-,-
23:30,67476.4,67494.2,67469.5,67471.9,0.007,NONE,-,-,-
23:35,67471.9,67478.6,67467.7,67467.7,0.006,NONE,-,-,-
23:40,67467.7,67526.0,67427.9,67492.0,0.037,NONE,-,-,-
23:45,67492.4,67565.4,67473.7,67565.4,0.108,LONG,67565.4,67624.2,0.0261
23:50,67565.4,67682.4,67548.8,67624.2,0.087,NONE,-,-,-
23:55,67624.2,67653.8,67529.6,67553.4,0.105,SHORT,67553.4,67621.0,-0.03
00:00,67553.4,67796.1,67490.0,67746.0,0.285,LONG,67746.0,67678.3,-0.03
00:05,67746.0,67780.6,67648.5,67726.0,0.029,NONE,-,-,-
00:10,67726.0,67726.0,67475.3,67534.8,0.282,SHORT,67534.8,67602.3,-0.03
00:15,67534.8,67606.5,67503.8,67503.8,0.046,NONE,-,-,-
00:20,67503.8,67522.4,67363.6,67414.4,0.132,SHORT,67414.4,67436.6,-0.0099
00:25,67414.4,67436.6,67347.0,67436.6,0.033,NONE,-,-,-
00:30,67436.6,67586.3,67418.0,67508.2,0.106,LONG,67508.2,67652.9,0.0643
00:35,67508.2,67652.9,67488.1,67652.9,0.214,LONG,67653.0,67964.3,0.1381
00:40,67653.0,67988.0,67633.7,67964.3,0.46,LONG,67964.3,68144.7,0.0796
00:45,67964.3,68227.9,67960.2,68144.7,0.265,LONG,68144.7,68078.5,-0.0291
00:50,68144.7,68226.7,68078.5,68078.5,0.097,NONE,-,-,-
00:55,68078.5,68374.8,68078.5,68338.4,0.382,LONG,68338.4,68270.1,-0.03
01:00,68338.4,68464.2,68266.1,68325.6,0.019,NONE,-,-,-
01:05,68325.6,68598.7,68319.8,68430.8,0.154,LONG,68430.8,68600.0,0.0742
01:10,68430.8,68600.0,68430.8,68600.0,0.247,LONG,68600.0,68888.5,0.1262
01:15,68600.0,68924.9,68600.0,68888.5,0.421,LONG,68888.5,68819.6,-0.03
01:20,68888.5,68979.1,68695.4,68751.1,0.199,SHORT,68751.1,68819.9,-0.03
01:25,68751.1,68897.2,68734.7,68804.3,0.077,NONE,-,-,-
01:30,68804.3,69122.0,68797.1,69046.0,0.351,LONG,69046.0,68995.2,-0.0221
01:35,69046.0,69136.2,68987.1,68995.2,0.074,NONE,-,-,-
01:40,68995.2,69044.5,68883.0,68950.0,0.066,NONE,-,-,-
01:45,68950.0,69050.0,68934.0,68943.1,0.01,NONE,-,-,-
01:50,68943.1,69039.9,68894.6,69004.5,0.089,NONE,-,-,-
01:55,69004.5,69039.0,68992.4,69034.2,0.043,NONE,-,-,-
02:00,69034.2,69588.0,69034.2,69349.2,0.456,LONG,69349.2,69333.8,-0.0067
02:05,69349.2,69520.1,69323.3,69333.8,0.022,NONE,-,-,-
02:10,69333.8,69336.3,69189.7,69234.6,0.143,SHORT,69234.6,69303.8,-0.03
02:15,69234.6,69350.0,69200.0,69217.9,0.024,NONE,-,-,-
02:20,69217.9,69269.0,69075.1,69261.6,0.063,NONE,-,-,-
02:25,69261.6,69278.9,69127.2,69182.0,0.115,SHORT,69182.0,69251.2,-0.03
02:30,69182.0,69335.5,69117.2,69117.2,0.094,NONE,-,-,-
02:35,69117.2,69250.4,69096.8,69232.4,0.167,LONG,69232.4,69312.7,0.0348
02:40,69232.4,69437.7,69218.2,69312.7,0.116,LONG,69312.7,69243.4,-0.03
02:45,69312.7,69342.6,69213.0,69213.0,0.144,SHORT,69213.0,69131.2,0.0355
02:50,69213.0,69275.2,69131.2,69131.2,0.118,SHORT,69131.2,69083.8,0.0206
02:55,69131.2,69168.1,69071.2,69083.8,0.069,NONE,-,-,-
03:00,69083.8,69139.6,68892.3,68922.7,0.233,SHORT,68922.7,68991.6,-0.03
03:05,68922.7,68999.5,68878.1,68920.7,0.003,NONE,-,-,-
03:10,68920.7,68976.0,68854.0,68854.6,0.096,NONE,-,-,-
03:15,68854.7,68914.9,68840.0,68867.6,0.019,NONE,-,-,-
03:20,68867.6,68963.5,68834.2,68923.0,0.081,NONE,-,-,-
03:25,68923.0,68991.9,68923.0,68985.2,0.09,NONE,-,-,-
03:30,68985.2,68985.2,68838.0,68871.0,0.166,SHORT,68871.0,68939.9,-0.03
03:35,68871.0,68963.5,68852.6,68905.5,0.05,NONE,-,-,-
03:40,68905.5,68905.5,68800.6,68800.7,0.152,SHORT,68800.7,68869.5,-0.03
03:45,68800.7,68874.1,68787.1,68795.2,0.008,NONE,-,-,-
03:50,68795.2,68876.1,68795.2,68800.3,0.007,NONE,-,-,-
03:55,68800.3,68835.2,68788.6,68810.2,0.014,NONE,-,-,-
04:00,68810.2,68950.0,68776.6,68942.4,0.192,LONG,68942.4,68873.4,-0.03
04:05,68942.4,68951.9,68823.9,68942.0,0.001,NONE,-,-,-
04:10,68942.0,69326.8,68908.1,69112.6,0.25,LONG,69114.6,69255.3,0.0611
04:15,69114.6,69295.8,69101.8,69255.3,0.207,LONG,69257.6,69188.3,-0.03
04:20,69257.6,69317.6,69128.0,69158.0,0.144,SHORT,69158.0,69227.1,-0.03
04:25,69158.0,69258.3,69122.0,69233.8,0.11,LONG,69233.8,69341.2,0.0465
04:30,69233.8,69408.4,69233.8,69341.2,0.155,LONG,69341.2,69271.8,-0.03
04:35,69341.2,69347.5,69238.0,69276.9,0.093,NONE,-,-,-
04:40,69276.9,69276.9,69188.9,69221.1,0.08,NONE,-,-,-
04:45,69221.1,69305.3,69207.0,69254.5,0.048,NONE,-,-,-
04:50,69254.5,69301.8,69207.0,69223.0,0.045,NONE,-,-,-
04:55,69223.0,69270.0,69208.0,69208.0,0.022,NONE,-,-,-
05:00,69208.0,69257.4,69208.0,69214.0,0.009,NONE,-,-,-
05:05,69214.0,69259.1,69155.7,69179.7,0.05,NONE,-,-,-
05:10,69179.7,69254.6,69119.1,69131.1,0.07,NONE,-,-,-
05:15,69131.1,69166.4,69070.7,69083.5,0.069,NONE,-,-,-
05:20,69083.5,69170.0,69056.9,69164.0,0.117,LONG,69164.0,69182.0,0.0078
05:25,69164.0,69207.0,69160.5,69182.0,0.026,NONE,-,-,-
05:30,69182.0,69232.5,69162.4,69202.1,0.029,NONE,-,-,-
05:35,69202.1,69221.4,69177.0,69177.0,0.036,NONE,-,-,-
05:40,69177.0,69177.0,69079.7,69120.0,0.082,NONE,-,-,-
05:45,69120.0,69152.2,69096.7,69114.6,0.008,NONE,-,-,-
05:50,69114.6,69140.4,69067.8,69075.3,0.057,NONE,-,-,-
05:55,69075.3,69123.7,69069.0,69123.7,0.07,NONE,-,-,-
06:00,69123.7,69200.0,69123.7,69200.0,0.11,LONG,69200.0,69130.8,-0.03
06:05,69200.0,69200.0,69033.3,69041.1,0.23,SHORT,69041.1,69075.9,-0.0151
06:10,69041.1,69075.9,69010.2,69075.9,0.05,NONE,-,-,-
06:15,69075.9,69081.3,69001.5,69001.5,0.108,SHORT,69001.5,68999.1,0.001
06:20,69001.5,69020.9,68995.0,68999.1,0.003,NONE,-,-,-
06:25,68999.1,69010.4,68980.4,69000.0,0.001,NONE,-,-,-
06:30,69000.0,69055.6,68995.2,69051.4,0.074,NONE,-,-,-
06:35,69051.4,69210.1,69051.4,69207.9,0.227,LONG,69207.9,69184.1,-0.0103
06:40,69207.9,69210.1,69150.9,69184.1,0.034,NONE,-,-,-
06:45,69184.1,69217.7,69148.1,69151.3,0.047,NONE,-,-,-
06:50,69151.3,69173.8,69126.0,69172.4,0.03,NONE,-,-,-
06:55,69172.4,69172.4,69136.3,69141.8,0.044,NONE,-,-,-
07:00,69141.8,69165.7,69117.5,69152.9,0.016,NONE,-,-,-
07:05,69152.9,69182.3,69134.1,69182.3,0.043,NONE,-,-,-
07:10,69182.3,69182.3,69155.5,69162.2,0.029,NONE,-,-,-
07:15,69162.2,69198.0,69145.7,69166.1,0.006,NONE,-,-,-
07:20,69166.2,69220.0,69154.0,69154.0,0.018,NONE,-,-,-
07:25,69154.0,69173.2,69086.0,69173.2,0.028,NONE,-,-,-
07:30,69173.2,69247.0,69169.0,69235.0,0.089,NONE,-,-,-
07:35,69235.0,69236.4,69193.1,69222.0,0.019,NONE,-,-,-
07:40,69222.0,69232.6,69196.8,69219.6,0.004,NONE,-,-,-
07:45,69219.6,69240.0,69151.8,69154.8,0.094,NONE,-,-,-
07:50,69154.8,69206.0,69154.8,69200.6,0.066,NONE,-,-,-
07:55,69200.6,69205.5,69184.0,69199.3,0.002,NONE,-,-,-
08:00,69199.3,69202.6,69106.9,69119.6,0.115,SHORT,69119.6,69188.7,-0.03
08:05,69119.6,69280.4,69116.0,69238.1,0.172,LONG,69238.1,69309.2,0.0308
08:10,69238.1,69354.3,69238.1,69309.2,0.103,LONG,69309.2,69239.9,-0.03
08:15,69309.2,69309.2,69222.5,69239.0,0.101,SHORT,69239.0,69035.7,0.0881
08:20,69239.0,69242.5,68996.1,69035.7,0.294,SHORT,69035.7,68844.9,0.0829
08:25,69035.7,69035.7,68806.5,68844.9,0.276,SHORT,68844.9,68913.7,-0.03
08:30,68844.9,68916.3,68835.2,68857.0,0.018,NONE,-,-,-
08:35,68857.0,68908.0,68851.1,68908.0,0.074,NONE,-,-,-
08:40,68908.0,68975.1,68862.0,68926.6,0.027,NONE,-,-,-
08:45,68926.6,69000.0,68926.6,68989.1,0.091,NONE,-,-,-
08:50,68989.1,69107.0,68989.1,69028.8,0.058,NONE,-,-,-
08:55,69028.8,69028.8,68970.7,68976.7,0.076,NONE,-,-,-
09:00,68976.7,68988.8,68859.1,68859.1,0.17,SHORT,68859.1,68833.8,0.011
09:05,68859.1,68873.6,68821.1,68833.8,0.037,NONE,-,-,-
09:10,68833.8,68916.0,68833.8,68897.8,0.093,NONE,-,-,-
09:15,68897.8,68998.6,68897.8,68991.7,0.136,LONG,68991.7,69086.3,0.0411
09:20,68991.7,69088.3,68977.7,69086.3,0.137,LONG,69086.3,69079.5,-0.0029
09:25,69086.3,69107.0,69072.0,69079.5,0.01,NONE,-,-,-
09:30,69079.5,69079.5,68973.8,68992.0,0.127,SHORT,68992.0,69061.0,-0.03
09:35,68992.0,69139.2,68992.0,69035.2,0.063,NONE,-,-,-
09:40,69035.2,69050.1,68979.0,68982.2,0.077,NONE,-,-,-
09:45,68982.2,69000.6,68952.6,69000.6,0.027,NONE,-,-,-
09:50,69000.6,69215.4,69000.6,69191.1,0.276,LONG,69191.1,69121.9,-0.03
09:55,69191.1,69191.1,69084.3,69115.9,0.109,SHORT,69115.9,69185.0,-0.03
10:00,69115.9,69224.2,69115.9,69160.9,0.065,NONE,-,-,-
10:05,69160.9,69165.5,69081.9,69165.5,0.007,NONE,-,-,-
10:10,69165.5,69200.0,69158.5,69170.2,0.007,NONE,-,-,-
10:15,69170.2,69200.0,69128.9,69152.2,0.026,NONE,-,-,-
10:20,69152.2,69242.0,69122.2,69220.0,0.098,NONE,-,-,-
10:25,69220.0,69250.0,69208.0,69234.8,0.021,NONE,-,-,-
10:30,69234.8,69260.0,69212.5,69255.9,0.03,NONE,-,-,-
10:35,69255.9,69347.8,69240.9,69275.6,0.028,NONE,-,-,-
10:40,69275.7,69313.6,69246.6,69302.5,0.039,NONE,-,-,-
10:45,69302.5,69313.3,69228.7,69258.2,0.064,NONE,-,-,-
10:50,69258.2,69258.2,69211.9,69257.5,0.001,NONE,-,-,-
10:55,69257.5,69271.8,69224.6,69224.6,0.047,NONE,-,-,-
11:00,69224.6,69261.4,69214.5,69243.8,0.028,NONE,-,-,-
11:05,69243.8,69318.0,69234.4,69318.0,0.107,LONG,69318.0,69633.6,0.1366
11:10,69318.0,69747.9,69318.0,69633.6,0.455,LONG,69633.6,69927.6,0.1267
11:15,69633.6,69984.8,69631.6,69927.6,0.422,LONG,69927.6,70056.8,0.0555
11:20,69927.6,70283.3,69884.8,70056.8,0.185,LONG,70056.8,69986.8,-0.03
11:25,70056.8,70057.2,69884.7,69932.9,0.177,SHORT,69932.9,69900.0,0.0141
11:30,69932.9,69978.5,69861.2,69900.0,0.047,NONE,-,-,-
11:35,69900.0,69935.0,69774.8,69793.0,0.153,SHORT,69793.0,69862.8,-0.03
11:40,69793.0,69922.4,69721.7,69853.3,0.086,NONE,-,-,-
11:45,69853.3,69900.0,69818.8,69836.0,0.025,NONE,-,-,-
11:50,69836.0,69836.0,69702.2,69709.4,0.181,SHORT,69709.4,69728.0,-0.008
11:55,69709.4,69778.5,69701.8,69728.0,0.027,NONE,-,-,-
12:00,69728.0,69825.3,69728.0,69825.3,0.139,LONG,69825.2,69810.3,-0.0064
12:05,69825.2,69853.4,69800.0,69810.3,0.021,NONE,-,-,-
12:10,69810.3,69851.9,69810.2,69821.6,0.016,NONE,-,-,-
12:15,69821.6,69841.9,69770.9,69790.0,0.045,NONE,-,-,-
12:20,69790.0,69870.9,69790.0,69831.9,0.06,NONE,-,-,-
12:25,69831.9,69831.9,69740.4,69769.8,0.089,NONE,-,-,-
12:30,69769.8,69842.0,69757.3,69824.3,0.078,NONE,-,-,-
12:35,69824.3,69950.0,69796.7,69904.6,0.115,LONG,69904.6,69894.5,-0.0043
12:40,69904.6,69904.6,69854.7,69894.5,0.014,NONE,-,-,-
12:45,69894.5,69894.5,69714.3,69800.3,0.135,SHORT,69800.3,69741.7,0.0252
12:50,69800.3,69810.0,69714.3,69741.7,0.084,NONE,-,-,-
12:55,69741.7,69787.0,69708.1,69770.9,0.042,NONE,-,-,-
13:00,69770.9,69771.0,69676.7,69701.2,0.1,NONE,-,-,-
13:05,69701.2,69756.9,69675.0,69756.9,0.08,NONE,-,-,-
13:10,69756.9,69767.4,69675.5,69682.4,0.107,SHORT,69682.4,69706.2,-0.0102
13:15,69682.4,69720.3,69682.4,69706.2,0.034,NONE,-,-,-
13:20,69706.2,69706.2,69581.6,69633.4,0.104,SHORT,69633.4,69625.6,0.0034
13:25,69633.4,69660.0,69604.0,69625.6,0.011,NONE,-,-,-
13:30,69625.6,69700.0,69571.6,69697.9,0.104,LONG,69697.9,69666.0,-0.0137
13:35,69697.9,69717.6,69664.4,69666.0,0.046,NONE,-,-,-
13:40,69666.1,69680.0,69632.4,69650.9,0.022,NONE,-,-,-
13:45,69650.9,69689.6,69603.7,69647.3,0.005,NONE,-,-,-
13:50,69647.3,69704.5,69645.4,69645.4,0.003,NONE,-,-,-
13:55,69645.4,69645.4,69565.0,69614.9,0.044,NONE,-,-,-
14:00,69614.9,69635.9,69575.7,69581.0,0.049,NONE,-,-,-
14:05,69581.0,69610.9,69511.1,69515.4,0.094,NONE,-,-,-
14:10,69515.4,69519.6,69460.0,69482.6,0.047,NONE,-,-,-
14:15,69482.6,69522.0,69461.2,69522.0,0.057,NONE,-,-,-
14:20,69522.0,69530.0,69488.8,69504.0,0.026,NONE,-,-,-
14:25,69504.0,69515.0,69427.0,69465.3,0.056,NONE,-,-,-
14:30,69465.3,69470.0,69384.9,69456.4,0.013,NONE,-,-,-
14:35,69456.4,69523.8,69446.7,69514.8,0.084,NONE,-,-,-
14:40,69514.8,69545.0,69460.4,69493.0,0.031,NONE,-,-,-
14:45,69493.0,69540.2,69404.1,69404.1,0.128,SHORT,69404.1,69390.4,0.0059
14:50,69404.1,69427.8,69354.3,69390.4,0.02,NONE,-,-,-
14:55,69390.4,69410.0,69329.2,69366.8,0.034,NONE,-,-,-
15:00,69366.8,69443.1,69366.8,69438.0,0.103,LONG,69438.0,69439.0,0.0004
15:05,69438.0,69442.5,69396.0,69439.0,0.001,NONE,-,-,-
15:10,69439.0,69445.4,69410.0,69410.0,0.042,NONE,-,-,-
15:15,69410.0,69414.0,69330.0,69339.3,0.102,SHORT,69339.3,69408.7,-0.03
15:20,69339.3,69418.6,69339.3,69418.6,0.114,LONG,69418.5,69474.6,0.0242
15:25,69418.5,69483.4,69418.5,69474.6,0.081,NONE,-,-,-
15:30,69474.6,69550.0,69376.9,69481.4,0.01,NONE,-,-,-
15:35,69481.4,69521.2,69235.1,69306.0,0.252,SHORT,69306.0,69375.3,-0.03
15:40,69306.0,69408.0,69240.7,69325.2,0.028,NONE,-,-,-
15:45,69325.2,69387.0,69251.3,69351.6,0.038,NONE,-,-,-
15:50,69351.6,69492.0,69348.0,69431.3,0.115,LONG,69431.3,69361.8,-0.03
15:55,69431.3,69441.7,69336.1,69428.2,0.004,NONE,-,-,-
16:00,69428.2,69642.1,69163.9,69202.4,0.325,SHORT,69202.4,69271.6,-0.03
16:05,69202.4,69288.0,69202.4,69288.0,0.124,LONG,69288.0,69218.7,-0.03
16:10,69288.0,69348.3,69191.1,69348.3,0.087,NONE,-,-,-
16:15,69348.3,69480.0,69348.2,69468.0,0.173,LONG,69468.0,69510.4,0.0183
16:20,69468.0,69643.8,69468.0,69510.4,0.061,NONE,-,-,-
16:25,69510.4,69593.6,69479.4,69546.8,0.052,NONE,-,-,-
16:30,69546.8,69688.0,69532.1,69642.3,0.137,LONG,69642.3,69572.7,-0.03
16:35,69642.3,69810.0,69315.4,69339.6,0.435,SHORT,69339.5,69408.9,-0.03
16:40,69339.5,69537.4,69332.6,69462.7,0.178,LONG,69462.6,69393.2,-0.03
16:45,69462.6,69462.6,69309.1,69345.0,0.169,SHORT,69345.0,69414.3,-0.03
16:50,69345.0,69618.2,69345.0,69614.0,0.388,LONG,69614.0,69654.4,0.0174
16:55,69614.0,69693.0,69570.8,69654.4,0.058,NONE,-,-,-
17:00,69654.4,69760.1,69588.0,69650.0,0.006,NONE,-,-,-
17:05,69650.0,69685.0,69526.9,69676.8,0.038,NONE,-,-,-
17:10,69676.8,69800.0,69567.6,69705.5,0.041,NONE,-,-,-
17:15,69705.5,69769.3,69652.4,69656.3,0.071,NONE,-,-,-
17:20,69656.3,69713.2,69610.0,69651.7,0.007,NONE,-,-,-
17:25,69651.7,69744.8,69600.0,69742.9,0.131,LONG,69742.9,69673.2,-0.03
17:30,69742.9,69801.1,69655.3,69759.2,0.023,NONE,-,-,-
17:35,69759.2,69773.4,69666.5,69750.0,0.013,NONE,-,-,-
17:40,69750.0,69856.6,69699.2,69825.7,0.108,LONG,69825.3,69825.7,0.0002
17:45,69825.3,69892.8,69787.1,69825.7,0.001,NONE,-,-,-
17:50,69825.7,69946.7,69806.1,69934.9,0.156,LONG,69934.9,69968.9,0.0146
17:55,69934.9,69973.2,69900.1,69968.9,0.049,NONE,-,-,-
18:00,69968.9,69985.5,69887.2,69932.1,0.052,NONE,-,-,-
18:05,69932.2,69949.2,69856.6,69896.6,0.051,NONE,-,-,-
18:10,69896.6,70110.0,69873.2,70074.8,0.255,LONG,70074.8,70004.7,-0.03
18:15,70074.8,70092.7,69922.2,69999.4,0.108,SHORT,69999.4,70012.8,-0.0057
18:20,69999.4,70047.1,69974.2,70012.8,0.019,NONE,-,-,-
18:25,70012.8,70025.0,69903.3,69907.2,0.151,SHORT,69907.2,69977.1,-0.03
18:30,69907.2,70010.0,69849.9,70010.0,0.147,LONG,70010.0,70012.6,0.0011
18:35,70010.0,70110.0,69999.9,70012.6,0.004,NONE,-,-,-
18:40,70012.6,70129.9,70004.9,70129.9,0.167,LONG,70129.9,70227.5,0.0418
18:45,70129.9,70351.5,70085.6,70227.5,0.139,LONG,70227.5,70157.3,-0.03
18:50,70227.5,70230.7,70025.1,70029.0,0.283,SHORT,70029.0,69799.1,0.0985
18:55,70029.0,70043.1,69782.1,69799.1,0.328,SHORT,69799.1,69588.0,0.0908
19:00,69799.1,69820.0,69480.2,69588.0,0.302,SHORT,69588.0,69657.6,-0.03
19:05,69588.0,69672.6,69508.6,69644.2,0.081,NONE,-,-,-
19:10,69644.2,69648.9,69314.4,69346.4,0.428,SHORT,69346.4,69357.0,-0.0046
19:15,69346.4,69392.9,69282.0,69357.0,0.015,NONE,-,-,-
19:20,69357.0,69492.9,69320.0,69478.7,0.175,LONG,69478.7,69537.6,0.0254
19:25,69478.7,69578.9,69478.7,69537.6,0.085,NONE,-,-,-
19:30,69537.6,69638.4,69509.4,69536.3,0.002,NONE,-,-,-
19:35,69536.3,69614.0,69506.9,69517.2,0.027,NONE,-,-,-
